id,class
MTA5MTEwOTYxMzM0NzA2NDEzNzM=,4
MTY0OTUyMTM2MDExMjg3MjczMjU=,4
MTQ0ODU1OTEzOTU1NTAyNzI4NjE=,4
MTY1ODg1MzEwNzYzNDUzMDUwNTM=,4
MTY0NTg2OTA5MTkzOTE2MTc1MTc=,4
MTkwNTk1MzkyNzkwNjQ3MDUyNQ==,4
MTU4NzAwMDQyODIwMTM2MDEyMjk=,4
ODY5MDY1ODA4Njk5MjAwODI5,4
MjA2MzcwMzk1Mzg2MTQ0NDMwMQ==,4
NjcwNDcxODcwMTUxODQxNDE=,4
Mjg4NzMxMDI1MDUxMTAxMTYxMw==,4
MTY4NDUyMDE5NjY5MDUwMTU5ODE=,4
MTM2ODgwNTEwMTU3MzI3ODI0OTM=,4
MTc2MDE5MTQ1MjQ0ODMwMTcwODU=,4
MTM5NzE0MzUxNjY3NTUyMTM3Mw==,4
MTIxMDE4NTc4MTQ3NTUxNDIwMjk=,4
MTgzOTc3MjQ3NTQ5NTk2Njc0Mzc=,4
NzY2ODA1NTgwMTE1ODI3NjMxNw==,4
NTA2NzA0ODgyODg0MjA5NTYyOQ==,4
MTAyMjQzMzc4NzIxOTk4ODQ3NjU=,4
NTEzMzg0MTk1OTcyNDc1MDg2MQ==,4
MTYzNjYyNDk1NDY1NzA3NzkwNjk=,4
OTQ3NTk3NTIxMDg4MDU2NjcxNw==,4
MjgzOTY1MDc1MTA2ODM4ODQyOQ==,4
MTY0MTMyNDMxNTM1MzcxMzU5ODE=,4
MzMyMDEwNTk5NDEyNDk4MzI0NQ==,4
NjI3ODM5MjEyNTk0MDE2NTU3,4
NzQ3MjY0Njc0NzYwNTI4OTMwOQ==,4
MTE4MjA0MzA5NDAwNDYxMzMzMjU=,4
NjI5NzQyMTEwMTYwMTI2NjE0MQ==,4
MTY2OTA1OTk0OTc5OTI5ODAxNzM=,4
Mzc4NDYzMzY0Nzg3NDE3NzcyNQ==,4
MTEyMjg0NjU3Njg1NzAwMTY0Nzc=,4
NjA5NjM5NjA4NTIzNzA3NjE0MQ==,4
MTMzMzQzMDU0ODI3NDA4NTAxNTc=,4
NjU3MjMzNDc0MDkzMzQ1NzUwMQ==,4
NDA3MDQ4NDEyNDIzMjkwOTA5,4
MTU1MTU5MzQ3Mzg1Njc4OTYzNjU=,4
MjM0ODgxNjYxNzY4MzE4NTU3,4
MTUyODQ0NDE1NzcyMDk1MjEz,4
MTUyMjE0MTkwMDU0Nzg2MDcwMjE=,4
MjQ2MDYwOTM3MjEzNzUwODU4OQ==,4
MTQ3MzE0ODQyNTAwMjU3NTU4MDU=,4
NDA0ODc2NjM2ODI5OTcyNDE3Mw==,4
MTQzOTcyNjUyODk0ODM0ODAwNjE=,4
MTUwMDMwNjc3NDc3MDAzMTU5OTc=,4
MjcwMTk3NjA4NzU0ODUzMDYwNQ==,4
MTYzNzE5NjY3MzM1Mjc1Mjg1NzM=,4
NTY0NzIyMjc2OTU4MjIzOTQ2OQ==,4
MTQxNzg4NzU2MTc3MTM2NzgwMTM=,4
MTI3ODQ1MDIzODg1NjAwMzA5NTc=,4
MTQxMjUxNjM5OTEwMTkxNDIzNDk=,4
OTMyMjg2MTQxMzMyNzgxMDgyOQ==,4
MTIxNzIzMjA0OTgyMzQ3NDcwMDU=,4
MTMxNTI5MjE4NjQ4ODE4NzU3NzM=,4
MTY3NDU2OTkyMjUwNzQzOTc=,4
MTY5NzA2NTk3OTM5ODgwODkz,4
MTM3MzAyMjAxMDQxOTA3OTQ1NDE=,4
NDUyNjk0MTUwMTI3NDcxMDYwNQ==,4
MTY3MjUxNDkzMTMwNjQyOTU1MzM=,4
NjY0MzE0ODkyNDQzMzkyMTg1Mw==,4
NDQ5NTQ0NzM2ODY0NzM0Mjk4OQ==,4
MTE3NDg4MTYyNDE4Mzk0NjcyMjk=,4
OTQ5NjI3NTE1MDgxMTIxNTAyMQ==,4
MzYxODU1MTY1ODExODc5MzEwMQ==,4
MzE0MTYwOTk3MzE0NTYzNTkzMw==,4
MTU0NTQ3Mzk5MDc0MDY0MTg0NDU=,4
Mjc1OTUxNjk2OTU4ODk2MjMxNw==,4
Njc2NTE2ODEyMTI5NDUwNjEyNQ==,4
MTc2MDE0MzU2ODQ3OTI3MTM1Nw==,4
MTc5MDU0MDIyNzQzNTQwNDU5NDk=,4
MTcwNDgxNTI3MDc2MTM0NDQyMzc=,4
NDE1MDY5NDk0NDQyNjIzMTU2NQ==,4
MTM2NTM3MTUzOTc3MTQwMDAwNzc=,4
ODI2Nzk0MTAzMzI5Mjk3NTI0NQ==,4
MTM4OTU0MDYxMjM2NDgxMjMwNjk=,4
MTYyMDMzMzExMjcwNjg5OTMyMjk=,4
MTU4ODM1ODA1NzI1Mzk3NDQyODU=,4
OTU1ODc5Njc1MTE3OTQwNjk3Mw==,4
MjM5OTE4MDk2MjYzMjE2Nzk2NQ==,4
NjAzNTMyMDM1ODE3NjMwOTU3,4
MjcxOTk4NjE1NzEwNzc4NzkwMQ==,4
NjE4MDQzOTg2NjUzNjk5OTUwMQ==,4
NzQyNzA2Njk3MjczNTkyMTE2NQ==,4
MTQxMzkxODE4NzI0NDk3MjUwNTM=,4
MTc5MjA0OTY5MTY0MjkzNzU2MTM=,4
MTQ4OTYyNTE0MjkwOTM2MTQxNDE=,4
MTY4NzExNjQ4NzE4NjY1MTMxNjU=,4
NjEzMjE4MTU0NTYwODIzNjg5Mw==,4
MTA3NTA2Njk5NjgzNzM5MDYyMDU=,4
MTU3ODIxODA5ODk1ODQyNDE4OQ==,4
MTc5ODg0NDAwMDM2NTE4Mjg4OTM=,4
NzY1OTU0MTYwMzM0Mzc0ODQ1,4
ODg3NTcxNzczMTA3ODQyNzgzNw==,4
NjEyMDE1OTIxMDg1MzU0MDg5Mw==,4
MTAyNzgwMjkyMjQyMjk0MDIzNw==,4
MTY2MDc5MTE1NTIzNzI4MTQyMjE=,4
MTU2OTY3MjA0MjY3NTIwOTg4Mjk=,4
MTgzNjU0NzM4MDkwMTk1NTE3MDk=,4
OTg2MDcxNjE4MjExNzYxOTY3Nw==,4
MTIyNzUwNzk2MTU5NDg2OTQ0Mjk=,4
MTU4NDM2NTAzNjI4MjkzOTAzNDk=,4
MjQ4OTU4MTYzOTUzODM3MTE0OQ==,4
NjM2NzI2NjU0NDc1MjAxODE1Nw==,4
NDE1NTM0MzgxOTkwODcxMjE3Mw==,4
NDYzMzQyNDExNzUwMTcwMTIyOQ==,4
MTIxMzUyNjI2OTM1NTg0OTUxOTc=,4
MTQ5NzQyNjcxMzU5OTk1NTY5NTc=,4
NDk1NTY4ODc3Nzc0MDg5NzkwMQ==,4
MTc5MzEwNDk3NTM4MjA0Mzc4MjE=,4
MTYxMjU5NzM0MDc3MDgyODgyODU=,4
NTk2NzA5MzE3MDI5Nzg2MTcyNQ==,4
Mzc0Nzg5Mjc3ODQxNTc4MTIxMw==,4
NTA5OTA4NTQzNjUxNjE3NTU5Nw==,4
MTQ0Njg1MDMxOTQ1ODI2NDQzNDk=,4
NzExNDc4NjE1MzIxNTE2MDE0MQ==,4
OTgxNDkyNzk4NDEwMzU5NTEzMw==,4
OTc2ODk3ODI5MzYwNjY1ODk0MQ==,4
MTA5MjA3NzAyNTUyNTQ4NzgzMTc=,4
MTEwOTEwMTM4MjYzMjY3MTU3MjU=,4
ODUzNDQ3NTk4MjM3NjA0NDE0MQ==,4
MTAxNTc1Mjc3NjU5MTgwNTg4NjE=,4
MTM0NTQ5NDcwNTc3NTMyOTY2NTM=,4
MTg0MjExMjUwNDExNzg1MzY1NDE=,4
MTcxNjAxODczMDc5ODQxNTgyNTM=,4
NDk3NjY0MTk2NzM3OTA2NDU3Mw==,4
NjE4Nzc1NTk0OTU2MTk3ODUz,4
NzAwMDQ3MTg1NTQyMDg3NzMyNQ==,4
MjE5MDI2OTkwODE0NDEzNTMyNQ==,4
MTIzMjUzMTM3MDgxMTU2MTc4OQ==,4
NTU5NzYwNTQ1MDA0OTgyNDc2NQ==,4
Mzk1NTMxMDY5NzU0NjI5Mzk4MQ==,4
NjU0MDg3NDU1MTY4MjkzNDA3Nw==,4
MTc3MTY2NDkzMTc5NjUxMzgwMjk=,4
OTI3Mjk2MTI0NjIwODc4NDM0OQ==,4
MTI2OTE5NjIxOTk3NjczNjU2NjE=,4
NjA1OTczNDQ0NjM4NDYwMzE2NQ==,4
ODI3OTgzMTQyNjU5NTU0MDk0MQ==,4
MTYzMzUwMDUzNDEyMzM3MDc0Njk=,4
MTY2NzIzMTIyMTU5NDQ3MjA5ODk=,4
OTk2NjcwNjIxOTAzNTU1ODM5Nw==,4
OTgxNjYyNjQ1NDY4MzIzOTk5Nw==,4
NjI4OTgxMzg1NTMxMzYzOTQ1Mw==,4
MjkwODUxMzIzMzc3NTY3NjE4OQ==,4
ODQ1NjM2OTM0OTg4OTY4MjY5,4
NDk0MDIxNDE4Mzg3NjYxODA3Nw==,4
MTM4MjcxNTA5MTgwODM5MDc1ODE=,4
MjcwMzc1NDIwNDY4MDMzOTE2NQ==,4
NjY3MDE3MDgxNjQwNDYwMjg1,4
Nzc2OTIwNTUxMjc4MDQ1ODk0MQ==,4
MTY5MjIwNDMzMjk4MzE1MDk4MjE=,4
MTU2MjMyMDI5NTY3Mzc4Njk2NDU=,4
MTA3MDE2ODkwNTk4NzEyNjE0Mzc=,4
OTg4MTQyMTM2Mzc2MzcxMzA1Mw==,4
NjU2NDYyMzQ1MzAwNDkxMzg1Mw==,4
NjExNjgxMTY3Nzc0OTUwODgxMw==,4
Mzc2NzIxMDUwOTYzMzIxNzQwNQ==,4
MTI0MzM1NTYxNDI4NTY4NTU1OTc=,4
MjU0ODU3MjcwNjIyODgyMTc4OQ==,4
MTA2Mjk3MjcyNjA0OTk1MDI0Mjk=,4
NTQyMjEwMjkxNTI0MzA5ODUyNQ==,4
OTMxMjA4MDg0MjA3NzA2NDY4NQ==,4
ODk1ODU0Mjk3NzI3MTg3OTk2NQ==,4
MTgzNDcxMDMxNzAxMDM1ODc4MDU=,4
NTk4ODM2OTgyNTAwNTIwNzE3,4
MTE4MTU5NjQzNzg3NjE0MjUwMjE=,4
MTY4NDg0MzgxMDQxMDI0NjQ3NDk=,4
MTMwMDMyNTg5NTQzOTU4NTIyNTM=,4
MTE0OTY0MTk4NDM2NDI2NzgxODk=,4
MTA2MzUyODkzNDQ2NzQzNTczMjU=,4
ODI0MjU3NTU3NDgxNzc3NDU0MQ==,4
MTE0NzE4NDk5NTE0MjY4MTczNDE=,4
MjI5Njk5NDYyMDU5MTA4OTk2NQ==,4
MTYxNTAwODEwMjMyMzU1MzI3NjU=,4
MTAyNTAwNDA0Njk1NjIzNjE1OTc=,4
MTYxNzI5MDU1MjM4MzQxMTQzNw==,4
MTY5MDA0MjMzNTQ4OTI4MDM4Mzc=,4
Mzc4MDMwOTQ3NTgyMzAwMTEzMw==,4
NTI3NTk3MjExNTU5NjQ4ODMwMQ==,4
NTEzNzc2MjEzMjU2MDI3NjAxMw==,4
ODUyOTA3NzY1NDM2MjIzNDI4NQ==,4
MjAyMjkzMTEwODM1NDg3NTM1Nw==,4
MTI4MTE2OTY2Nzk5OTg2OTY2Mzc=,4
Nzg4ODg2MDEzODAwNjI0NDM0OQ==,4
ODcxNDE5MjgwNDI3MjYxNDg5Mw==,4
OTg5NzMxMzk3Nzg2MDM1Nzk4MQ==,4
MTAxNTMzMzU4MDkxNzUyODE2Mjk=,4
MTMzOTcxODIwMTQyMjIzODEwNjk=,4
MTE1ODIzOTA0NTM5ODkxNzY2Mzc=,4
MTU2NDkwNTIyNjYzNDUwMzM0Mzc=,4
NDI1MTcwMTEwMTI5MTk5OTgzNw==,4
MTQwNzAwNjAxMTI5MDk5ODM3MDk=,4
MTQyOTUxODQyNzU3Mjg3NDc5Nw==,4
NzI4ODgyMTkzOTYzNDM5MzAwNQ==,4
MTY2NzU3NDI1NTA5MzExODg5ODk=,4
MzQxNjU0MzgxODEwMzg5NjA2MQ==,4
MjQzNzM4MjY3MTc5ODk1OTk2NQ==,4
MzI2Nzk0MjM0NTg2OTM4NjQyOQ==,4
Mjg5NzgwODczMjQxOTE1NzM1Nw==,4
MTE4NjU2NDY4NDU3Njg0NjU4Mzc=,4
Mzg1OTAzNjUwMDM2NTc4MDQxMw==,4
MTc4ODkzNzM1MjM5MDg5OTc5MzM=,4
MTQ0MzY2MTg3MzMyMDIzOTY4NjE=,4
NDQwNjU1NzI4MjcyNTE4NjU1Nw==,4
MTc1OTgzOTI5MjU0MTYzNDc2MTM=,4
MTgwMjQzMjU3MjY5Mjc4MzI4OTM=,4
MTAwODQ4NDIxNDUwNzA3OTIxODk=,4
MzUwNTExMzgwODA0MDA4MjIyMQ==,4
MTI0NzU1OTY1OTE1ODQzOTY0MTM=,4
NjU2NDE2NjYwODA3MzI4Njk3Mw==,4
MTY2OTQzMzQxMjY0ODk5NDY0MTM=,4
MjE2MjU2NjEyODIwMDc5Njk3Mw==,4
MTEwMTk5Njk5ODAwNzg0ODUzMjU=,4
MTY0NzkxNTM3MjE1MDEyNzg4NDU=,4
MTczODA2OTk3Nzc1NTY3MjYyMQ==,4
NDEyNDEyNTA0MTQ3MTIxNjAyOQ==,4
Nzk1MDQzNzUzMTk0MjUzOTcyNQ==,4
MjY2MDQzMjYyNDc1OTgwNTcyNQ==,4
NjA3NTAxNjU1ODU0MTAwMDk4OQ==,4
NjUxODExMTU2OTQzNTk0NDEwOQ==,4
NDU0MzU3MTIwMzE0MjYxMzY3Nw==,4
MTQ5NTI5OTUxNjEzNzc0MjE3MjU=,4
ODY1MjA4NTI0MTI4ODQwNTM1Nw==,4
OTY4MjYxNTA5MjA0OTYyMzUxNw==,4
MTE2MDEwMjQxNDYwNzMwNDMxNw==,4
NDMxMzQ1NTE3MTE3MjQxMjc2NQ==,4
NDcwNTQwNjI1ODI3OTQ1NzgwNQ==,4
MTU4NzM5OTU5OTAwNDA3ODM4MDU=,4
NjE4NjE0MTUxOTM1Njg4MDMwMQ==,4
NjIwODYyMDc2MjQ1NzQ2Nzc1Nw==,4
MTI4MTkxNjQxNTAyNjM3MjEzNzM=,4
NzU4MDMzNTI1MDcyMTcwMTE4MQ==,4
NTI2ODc5MTQ4MDAzNDEzMDYwNQ==,4
ODI5ODAyMzE4NjgyMDg0ODg2MQ==,4
MzQ3NjM5ODEzOTAwOTAyMzM0MQ==,4
NzkzNjYxMjk2MDg5NzYwMzExNw==,4
MTQ1ODgxMDI5ODQzMDc5MTMyNDU=,4
MTM5MDkxNTc5OTQxNTA0MjMyOTM=,4
MjM1MDE0MDIwMTYwODU2MjE4OQ==,4
Mzc1ODI1Mjg1OTQyNDk2MTI5Mw==,4
MTE0MjgxODI5ODQzMjkzNjY0Mjk=,4
MTY0NDc0NjU3MzAwMzEyOTA3OTc=,4
MTgzNjg3ODE4OTQwNjI0NjExMzM=,4
MzE2MDkzODQ5NTMzOTc2MDA3Nw==,4
MTQwNTc4NTYyMTg4Mzk4MTk4Mzc=,4
NzcxNTcwNTk1NTM5OTYxNDgyOQ==,4
MTQyMzIzOTA0MjU5MDY3MzM5MzM=,4
NTI2MDk4NDk1MDUyODg2MTg2OQ==,4
MTU4NTY1Nzk0NTAyOTE5NTUzMjU=,4
MTM4MDQ3NDQ0NTE1OTg5NjY0NDU=,4
OTY5NjI0MTg3ODg0NzUxMzcz,4
MTA2MzkyMzUyODc2NjM0MzI5MjU=,4
MjMxOTc1NzM5NjQ1MjQ1MTA4NQ==,4
OTY5NTUyNzI3NjYyMDgyNjczMw==,4
MTA5NzE1OTgxMzU0NjAxOTg5NDE=,4
NjkwMzI4OTM5MDUxODYzNTQ4NQ==,4
MzYxNzUzMjA2OTM4MDY5MjE1Nw==,4
MTgwOTEwMDY3MDU5NDM0NTkxMzM=,4
MTU0NTgxODEyMzg2MTY0NDQ1ODk=,4
OTUyNTkwNzg4MzI5NzQ5MjI4NQ==,4
MTY0ODEwNjk5NjQ3OTA5MTExODE=,4
NTM1NzUwMjY4OTQ5MDc4NDA3Nw==,4
Nzg1NTgzNzA2MTcyNDYzMzA2OQ==,4
MjYwODMwMzQxMzcyMDc0NzAx,4
MjA4OTI1NTI5OTkxMjQwNzkwMQ==,4
MTAxNzMzMDE5Nzg0NTA0MjM0ODU=,4
MTEyMTcxNTY2MDQ0NTU4OTUwMzc=,4
NDQ0OTU0NTI5ODQxMTM4NzI5Mw==,4
ODcxMjMzODY4NTY5MDMwMTg1Mw==,4
Njk1NDIyNzU2NDIwOTgwNDI1Mw==,4
MTgyMTUwMDEzODI3MzM1MjQ5MjU=,4
NDIwODMzNzgwNzU5ODAzOTk4MQ==,4
MTMwMjEwMjY4NTgzMTgzOTM3NzM=,4
MTc5OTgzMjE0NDkzMjQ1NTcxODE=,4
NzE5NjYyMTk4MjkzNjU5NTM0MQ==,4
NDQ2NDEzNjQzNzU1Mzk3MDQ3Nw==,4
NDcyOTQ5NTU5NzE0NjQ2NzA1Mw==,4
NDg5ODk4MzY2NDgyNTUzMjI2OQ==,4
MzIxNzM3NzQ1NDk3ODUyNTI0NQ==,4
MTExNDUwNzE3OTcxNzU0NjA5MjU=,4
NzY1MTIwNDg5MzI3NTA0NzI0NQ==,4
MTc1MTc0MjQ3NDk5NDM4MTgzNjU=,4
MzQ4ODkzMzk0MzI4MzgyMTk5Nw==,4
MTQ1Mjg2MjcxNzM3ODQ3MDMwMjE=,4
MjE2NDk1MjQxNTMxNDYyMjI2OQ==,4
MTcwOTQ4NTAzNDA4OTE2MDQ2ODU=,4
ODY5NzgyMTY5NTkzMzc2MzkwMQ==,4
ODU3MTcyNzM2Nzk2MTgwOTI0NQ==,4
MTQ5MDYyOTUzMjg1ODY1MjUwMjE=,4
MTY4MjUwNDQ4MjM2MjkzNjYyMzc=,4
NDI4MzkwNzY1MjkwNTE3ODE4OQ==,4
MTg5MDQzOTc0OTIwMDkzNDgyOQ==,4
MTUzNTgyOTkwNjA2NTE3MTMxMTc=,4
MzAwNzUyNjMxNjE0NTIwNTY5Mw==,4
MTI2NjkyNDc4MDEwNTgyMjQ3MDE=,4
MTE5MTkyNjIxOTM4MDEyMDI4OTM=,4
MTY5MDc4NTA0ODY1MTIwOTc1ODE=,4
NTc0NDU5MDkxMjQ2Mzg0MDg5Mw==,4
ODU2MDM0MDk2MDkwMzgyNjIzNw==,4
MjQzODA1Mzc4MzM0NjUxODE0MQ==,4
Mjk1MzA5NTY3ODQ2OTcxMzU2NQ==,4
NTM4MDQyNzM3MTc5NzY3Mjk0MQ==,4
MTQ1MTA5NDQwNzAwOTk3OTczMDk=,4
NjQ0MjY3NzAzMjgyMDc1ODg3Nw==,4
MjI0NDE4NDk0MTEyMjEzMzMyNQ==,4
ODYzNjQwOTY0Mjg3NDIxNjkwOQ==,4
MTQxNTcyOTM0Mzk3NTkwMzE1ODE=,4
OTYyNjU0MDQ3ODIzMjQwNDM2NQ==,4
NzAzNjE5MTg5NTY2MzAwMDUwOQ==,4
MjI4MTMxNjEzNTEyMjE4OTIyOQ==,4
MTAxMjU3MzI1NzAwMTMyNzYzODE=,4
MTcxMTA1MzExNjQ4MjgyNjE0MjE=,4
NDE1NTg2OTE3ODM4NjY5ODM2NQ==,4
MzAzMTU0NjM4NDQxNTI0OTY5Mw==,4
NTQxMTk1NjQxODY5NTYyMzAyMQ==,4
MTIzMDExOTE1NzQ3ODA5MzYzMzM=,4
MTI5MzYzNDg3OTE1MjM0OTU1MzM=,4
MTE5MjMwNDk4MDE2NTI5MDA3MDE=,4
MTgyODYxNjI1MzA0OTA4ODAxNzM=,4
MTE5NDU2OTIwNDcwNzQ1MzkxMDE=,4
MTA0MDA2MjA2Njg5OTYzMjU1Nw==,4
MTcyMzEyMzkyNjI0NTM1NDk1MTc=,4
NzQzMDIzMTU1NTIwMjMxMDA1,4
MTU0MDUxNjEyNzc2ODg4NTk3ODk=,4
MTcyNzAyMTI4MjYwMTY3MTU1MzM=,4
MzUzMTE1ODQyMjIyNzQ1NTM4OQ==,4
NDcwNTQzMDk5NjU5ODk5MzAzNw==,4
NTM4NTM2MTAxOTM4NDUxNTE0OQ==,4
MjQ3NjI4NDkwNTQwMjc4NjE3Mw==,4
NjY4MTk2NzU5Njk2NTMzNzgyMQ==,4
MzMwMDE1MDYxNTgzOTExMjk1Nw==,4
NzcxMTgyNDQ3MjM0OTQ4MTIxMw==,4
NjE4NzI1NTI1Nzk0NjMxNjcwMQ==,4
MTQ3ODkzOTUxMTQwNjEyMzcyNDU=,4
MTAyODkxOTg0MDg4NTAwNDAzNjU=,4
MTE3OTg3NzI2MjE2MTg3NDk2Nzc=,4
OTk0NDA4ODA5NzAzNTkwNTU4MQ==,4
NTcyNjgwNTgzMjA2ODQ4NjU0MQ==,4
MTE2ODgyNDYwMDQ0NzE1NjAzOTc=,4
NjU3Mzk1MjYwMjU1NjI1NzAzNw==,4
MjQ5MzMwMjE4Mzg0MDc3ODIwNQ==,4
NjU1NzU2MzM1MTI1ODcwMTc4OQ==,4
NzIyNzA1NTU2OTA2OTIzMjk1Nw==,4
MTU4NTczOTY4Njk5NTMzNDYzNDk=,4
MTIyOTQxNTQxNTA3NDYzMTUyNzc=,4
MzAxNTI1NDM3MDg5MTc4MjU1Nw==,4
MjUzNTAwOTgyMTAxMjQ1NDI2OQ==,4
MTYyNjI0NTk3MDI4MTk4MzA3MDE=,4
MTQ4MjA3OTM4MDA5NDA3MjUyOTM=,4
MTYzODg2MTAzODE1OTU0MjgxNzM=,4
MzczNDQ3MjEzODE2Nzk3MTY3Nw==,4
NzQxOTcxMzMwMTAzNTY0MjU0MQ==,4
OTAxMTAzMTY3MTE0MTEzNjI2OQ==,4
MTEyMzQyODQzODM4MjQ1NDk1OTc=,4
MTEzNzUwMTIxMTMzMjQ2Nzc1NjU=,4
MTM4MTYzMDEyNzk0Njc2Mjc5ODE=,4
Mzk5OTk1NjE2Mzk5OTg4MTY0NQ==,4
MTQ0NTYwMzE5ODcxNzM4MTkzODk=,4
OTEyMDc0MDM5MDcwMDQ2MzM3Mw==,4
MTIxODgwMjAwODEyMTIzMzA4NjE=,4
MTQ5MDI1NDExODUyMDk3ODI0NjE=,4
MjY4OTE1MjYyMjA2NzkzMzE5Nw==,4
MTQzNTA2NDg0NjExOTYzOTk2NQ==,4
NzcyNjEzMzUxNjkwODgzODY1Mw==,4
NTc0MTg5ODQxNjg1OTYyMzQwNQ==,4
MTY1MDk5NDMxMzkyMTU5OTQwNjE=,4
OTcyMTk5MTgzMzY2NjgzMDg2MQ==,4
MTI1NTM2MjMwMjA4OTU1NjY5NDE=,4
ODE4NzYxMjk4MDI4MTM2OTQzNw==,4
NjAwNTQwNzc4Mzk5Mjk2OTg2OQ==,4
ODk4ODI3MzM1OTMyNjI1MDYyMQ==,4
NzkxOTM3Mjc1NDg3MjgwNDc0OQ==,4
NjUyNjE4MDg4MjgyNjIxMjc4MQ==,4
ODU2NjYzMzIxMTQyODA1ODIx,4
NjE1NTI3MzYyNzA5NTE2MjY4NQ==,4
MTIyOTQ4MDE0ODYzODczMTcxOTc=,4
MTgwNDU0NjgyMzIxMjQ1MDk3NTc=,4
MTEyNzQzMzYxNTQ3NTE1NzgyMzc=,4
NzAwNTY4NjIxOTQ1MTg2MTUwMQ==,4
MTQ0NTEyMjg2OTk3NTQzNDM1OTc=,4
MjYxMDU3NzA1Mjk4MDYwNTgyMQ==,4
MTczNTg3MTk0NTczNDIwODY0Mjk=,4
NzQwNDc2MjU1NTc5NDQyNjcwMQ==,4
MTY5MjQ0NjYyNDEwNjAyMTQ4MTM=,4
MTM2NjE3NjY3MDkyOTIzMTkwMjE=,4
MTkwODQwMDQ3OTE5NDgzMjA5Mw==,4
NzQ3Njk4NTk3MDQwNzgwNTQwNQ==,4
MTczMjE4NTU2NTA0ODY1MDc2OTM=,4
NjY4MjIxMjU3ODk0NTk0ODU4OQ==,4
NjEyMTI2NDQ5MzgzNDM0NjU4OQ==,4
NDk2ODI2ODg0MDUwODIxODM0OQ==,4
MTAzNDc4MjY3NzE4NzI0OTI2Mzc=,4
MTUzNTI2NjgyNTU2MTU5NTk4NTM=,4
MjE4MjM5ODg0NjA5OTcxMTQ2OQ==,4
NDU2MjcxNTE0NTM0MDYzNjYwNQ==,4
MzY5MjE5MDk3MDU3NTM2NDMxNw==,4
MTc2MjA4MTc2MDM0Mzc3ODc4Mzc=,4
NTY5MzUzMDIxMTk1OTU0MTEzMw==,4
NDQwODAxOTE0ODgyMzI4NDc0OQ==,4
NDM0Mjg3NTk3NDQzMDM2NTgwNQ==,4
MTQ4ODcxOTY4MTE0OTA0MDIxNDE=,4
MTE0OTczOTExMjM1MTI2MDU1MTc=,4
MTUwMjAwMTQ4NjI3MjMyOTMzNTc=,4
NjgwMDI0NDA1MTg4MzkyMDA0NQ==,4
NDE1MDI5OTMzMDM3MjkyNjM5Nw==,4
NjI1NjkzODg2NjMyNDg1MjU0MQ==,4
MTY1ODk2OTgwNzIyMDEyMDI1Mw==,4
NzM1MDMzNjkzOTI0Nzk5OTMz,4
MjY4MTk1MTQ1MTQ1MDQ3MDUz,4
MzQ2NjIyNTkzNzY1NjM1ODYyMQ==,4
NzQ3OTQ3NTI2NjI0MDE1ODE3Mw==,4
NTEyNDE4ODM4MzYzNDg1Mjg0NQ==,4
MzgwMTk5NTQ4Njc1NTM3NTQyMQ==,4
Nzc4ODQ2MjYzMzQyNzk1NTQ1Mw==,4
MTM2MTYwMDc0NDEwNjMzMDQwMjk=,4
NjI5OTYyNTY4NzIzMTc2NzAyMQ==,4
MTExMTk4NDA4MjA2ODk5OTM1NDk=,4
OTYyOTM1NzQyOTY3MjQ0Njg2MQ==,4
MTQxMDc5NjYzOTE1MjkxMjQ0NjE=,4
MTQxOTkyODMzNzU4NzE2MzU1ODE=,4
NzA0NDY4NTY5MzExNTY4MTYxMw==,4
OTAxODU2NDA3OTc3Nzc1MTk3,4
MTA2ODM1ODk1MTkzOTY3OTY5NDE=,4
MTc4MTEwNjIzMTgxMDQxMDE4Mzc=,4
MTY0MDY1ODI5MzExMTM1OTA0NjE=,4
NTM1NjExNDIxMDkxMzQ5NTY1,4
MTY4ODE1MzY2OTk2MTczNTQyMjE=,4
MTI2Mzg5Mzc3MDM1NDEwNjk4OQ==,4
MTUxNzc3NTY4NDU3MzE5NzYyMzc=,4
NzkwMTU0Njc4NjA5OTcxOTU5Nw==,4
MTA5NDUyMzAwNjAzNTgwNTk4Mzc=,4
MTc4Mjc2MjE3MjA3ODMyMjA5ODk=,4
MTI0MDUwNTkyMjc1NTkyNjkyNQ==,4
MTE3MTQyNTQ0NjkyNDEwMTUzMjU=,4
MjEzNzgwMzEzMjQzODM3OTY1,4
NzQwNTAyMjcyNjUzMzQ4MzQzNw==,4
MTQwNzk0OTAwMDQyMzg0NzkyNDU=,4
MjQ1ODQ1Njk0MjYwOTIwMDAxMw==,4
OTI0NzUzODQwNzMyMzMwMjYzNw==,4
NjM3NTY2OTU2MzY2OTk2MDA0NQ==,4
MjE5NDc3NTY5MjMzOTM3Nzcz,4
MTc5MzE3NDM0NzY4OTAzNjAxNzM=,4
MTcyMzk5Mzc0OTc5Mzc1MTUyMTM=,4
OTg4Mjk2MDk1MTgzMTI4MjAxMw==,4
MTY4MTE3MDIyNTI3MjM3MTU4MDU=,4
NTI0OTMwNzU4NzkyOTU2NDIwNQ==,4
MTM4OTI4MjE4NjIxNDgzNzU0NTM=,4
MTAxODcwMDkzMTQzOTM0NTMxODE=,4
MTQ2Njk3MTg5Nzg2NTYwNTEwNTM=,4
NDEyNzk2NzI4NDc4NTYzNjI5,4
MTYzNjg2MTgxMDExNzM2MjIzMTc=,4
MTExNzk1MzIyMTA4OTcwMzU4NTM=,4
MTYxMjA2NzAwNTE3ODMzNTQ3NDk=,4
Mzg1NDQ2MTU5NjcxMzI4OTM=,4
ODgwMzYwMzQ0MzQwODU3MDQ3Nw==,4
MTA5MTkwNTgyNDUxMjQ5OTM0MQ==,4
MzM1NTc0NTAxNDk2NDU4NzM0MQ==,4
NDgxODU4NjY4NjY3OTIwNDYyMQ==,4
MzE1OTY1NzI4OTE0OTY3Mjg0NQ==,4
MTU2NDk0ODI3OTQ3Njk3NDAxNDE=,4
NTA2OTU0MDg2OTI5NDk2Nzk0OQ==,4
MTU5NzczNTQ0MTM2MTYyOTU2NjE=,4
MTIzOTUyNzY3MTUxNDc0NDc4MDU=,4
NDg4MjQ4OTYxNzk5Njc1ODgyOQ==,4
MzQ1NzQxMTcwMjEyMTM1OTQ1Mw==,4
MTM2OTE2NjIyMjM1MTIwODI2MjE=,4
Njk2MzIyNTQxNjI3MDk0MTUzMw==,4
MTc5MzI5NjQyMTAzMTgyNDYwNjE=,4
MTA0OTQ3MjkwODcwMTEwMDU0Mzc=,4
OTkyNDM0NTYxMDI1NTAxMzk0OQ==,4
MTI0MzY4MjM4OTI1NDAyODE5MDE=,4
NzM4OTgzODU0MDg4NjMwNjQyOQ==,4
MTAxNDE2MjkyNDA4NTg1ODYxMjU=,4
NDQ1MzQyMDMxOTc5OTg2MzI3Nw==,4
MTEwNjM0NzM0NjY3NjQ2ODk5MTc=,4
MTM2ODQ1MjI4ODU3MjIxNjI0NDU=,4
MTM4NjE1NDcyMzIyMzc4NjUyNQ==,4
NDkzMzU5OTU4ODY4NzYwMDc0OQ==,4
NTMyMDUxODIxMDk2MDg1MTQyMQ==,4
MTUwNTA1NjI5MzcwOTU0NjQ4OTM=,4
NjEzNDg4NjA2ODI1NTAzOTAwNQ==,4
NTY5MDYxMDczNDE2MzAzMzkzMw==,4
NzY0ODA0OTI5NjUxOTU3OTQ2OQ==,4
MTA1Njc3MDMzOTY1OTY3NTI1NzM=,4
MTY3Mzg2NTAwMTA1MjU4NzkwMzc=,4
MTc0Mjk5MTA0Mjg2NDgzNDgzOTc=,4
MTY4MzMzOTc2MTAwNzc5MTY4NDU=,4
NTYyODAwNzI4ODkyMTA5OTIxMw==,4
MTM2MjIwNTUwMzY3MTAwNTI5Mw==,4
MTI2Nzc2NzM2MzM1NDEwNDg0NDU=,4
MTUwNTkyODA5NjY1NDk5MDYxMDk=,4
MTI4NjY3ODEyNDg5OTQ5MDIyMQ==,4
MTY5Mzg4Mzk5NDk2NDE1ODQ4Nzc=,4
NDQyNDQ4MzAyOTg4MDg4MTA1Mw==,4
NTUyMTA5MzgwMjA0NTAyODIzNw==,4
MTMzNTI5NzI2NDQ4NjQ5NjM5OTc=,4
OTc1OTg1NDQwOTc3NjkzOTkzMw==,4
NTg5MTUyODI3MzU2NTc0Njc0OQ==,4
MjE5Mjc1NDI1NDMzNjIwMTI0NQ==,4
MzM0ODg4MTg2MzI3ODIxNTUwMQ==,4
MTYwMzg2NzcwNjU0MDM4MzQwNjE=,4
NzM5NTgzMTk3OTA4MDkzMzI0NQ==,4
NTI4ODI3MDE1NTI4NTkyNTIyOQ==,4
MzIzOTYyMjcwNjkxOTkyNjYzNw==,4
MTI2ODU2NzcyNTA5OTM1OTgxNDE=,4
OTU5MDUwMjY4MDQ3MDAwMjk3Mw==,4
MTMzMzE5NjI0OTE4NDkyMDcyMjk=,4
MTg0MjkwNjc5MTMyMTY1MzcxODE=,4
MjU5MDkyMDMzMDAxMjM4OTE5Nw==,4
NDE3NzU2ODExMDE5ODgxNzI5Mw==,4
ODc4NTE0MTY3ODQyMTYwOTE2NQ==,4
Mjc5MTY0NDIwNDM5MTU4NDEz,4
MjAzMzE0ODg2OTUxOTg0MDk4OQ==,4
NDM3NTU1OTI5OTY0NTU3MDQyOQ==,4
MTU2MDE2MDYwNzMzNDMwMjUxNjU=,4
NzY4OTczMzA4NDkyMjI5OTY0NQ==,4
MTAzNTU0MDMxNjM3ODE4NjYzMTc=,4
MTY0MzI2ODM4MjYzNzk3NDQ0MTM=,4
NjkxNjkyMzgxNDA4NTEwMjQ3Nw==,4
MTQzMzUxNTMzMjg3OTUwNzU0NTM=,4
ODM0ODkzOTIzMzM2Njk3MTc3Mw==,4
MTI5Mzc1NDU0MDU5MzM0NTU0ODU=,4
OTQxMTc1OTg4MzIwNjM4NzI2MQ==,4
MTAzNDM4NTUzMzc5NjczNjgyODU=,4
NzM1NDgzNzIzODgzNjQ4MDc2NQ==,4
MzE1NTIwMDYyMzY4MTAyMDA5Mw==,4
MTAzNjg2NzMyNDAzMjcwODQ4Mjk=,4
MTA5NzExMDkzMzI1OTcwNjM4ODU=,4
MTMzNjY4NzAzMzU4MTUyNzE5OTc=,4
MTIyNTAzOTc1NzI4MDU1Mjc0MDU=,4
MTExMzI0ODAzMTk4MTIyNzI0NQ==,4
MTE1NjE2NjIzMTkwNjA1Mjg3Nw==,4
NDQyMTYxOTQyMzc5NTM5MTAyMQ==,4
OTA0MjE4NTM2OTUyNjM1ODg5Mw==,4
MzUxMzc3MTYzODU5MjcyNjYzNw==,4
MTUxMDUyOTE4ODU3MTQ3NTcwMzc=,4
MjIyNzc5NDc5NTkwOTY3NzQ1Mw==,4
MTY3ODQ0NDgzODAyNzU2NzQyNjk=,4
Njc2MTY1MzMyNjk2NTA4MDk4OQ==,4
MTI0NDkyMTQyMjE2MzQ0MTIwNjE=,4
MTk5NDUxNDc3ODk0NTMzNjY2OQ==,4
NDUyNDkwMDQ2NzUwODI1Njg5Mw==,4
MTE5Mjk2ODA4ODc5MjI1OTU3MjU=,4
MzkwNzIxMzExMjE0NjA3MjY2OQ==,4
MTI5Njg0NDA5OTUwOTc3NzAwMTM=,4
MzA2MTIzNjk3NjIwNzMwMTU4MQ==,4
MTA2MTk4OTAwNzUwMTM5NTc0MQ==,4
MTQ4NDc0MjE2MzcxOTQyNDQxNzM=,4
MTU0MDUxNjIxNzA1MTMyNTgyNjk=,4
NDY0OTcwMzE0NjAzMjM3Nzg4NQ==,4
MTgwNjAyNDU4NzQ4NTAwNjA5NzM=,4
MTM0MjUxOTMxMDUxMzM2MDI2ODU=,4
NTgzNDY0NDY5Njg0Mjk0MTIyOQ==,4
NzExNjQwMDAzNDA5MjgyMzc3Mw==,4
NTYzMTI3Mjc3MTg1ODMxNzExNw==,4
NDc5NjQ1ODM5NzE1Nzc3NjEyNQ==,4
MTE1NzU1NzUzMzYyOTM0NjMzNDE=,4
MTY4MzYzNjc2NjI0ODg0MzEzNDE=,4
NDE5OTcyOTM4NTE2NzYwMzI5Mw==,4
MTY1NDA2OTYyNzU5NTAyMjYwMTM=,4
NTgwMjA2MTYzMjMwMTM1NzkwMQ==,4
MTQ1MTg1MjkyNTY2MDQxMDI3MDE=,4
MTQwMTg1Nzc4MTQzMTE2NTE1MTc=,4
MTU2NzU4NzkxMTYzMzQ2MDk1MzM=,4
MTY5NjczMTU2NTI2MzY3ODU1MTc=,4
MjQxNTMyOTM1NTEyMzg2MTk0OQ==,4
OTcxMzIxNTExOTE3NTI0NTE2NQ==,4
NjY0MTIyNjIyMTc3OTEwOTM4OQ==,4
MTY5MTEyNDYxMTI4NTAzNTY3Nw==,4
MTEyMjg1NjA4MDcwMTc4NTcxNjU=,4
MTU2NjMxNTU0MjgxNzEzMzYzNDk=,4
MTIzMTU5Nzk3MzA0MDk2MDEzNTc=,4
NTg1NDY4NTU2NDIxNjg5MTEzMw==,4
MTQxNjExNDgzOTY2OTMyNzc3NDE=,4
NjMwMjgzMzQ0NDM3MTkxODk0MQ==,4
MjQ0MDYwNTIwMDYwNDA0MzAwNQ==,4
MzQyOTM3OTI0MjE4OTcwMDI4NQ==,4
MTgwNjIxMjQyNTQ3NTIzNzEwMjE=,4
MTI2MjM5Njk3NzI3Njk4OTQ0OTM=,4
OTI4Njc3NTk5MzAyMjY5NDI4NQ==,4
MzExMDk3MTk0MzYyMTI4MDc2NQ==,4
NzI4NDI5NTI0OTgyMDkzMzI5Mw==,4
MzE4NzYzNDQyOTA1NDczMTYxMw==,4
MjcwMzI5NzYzNDUzMzk1OTgzNw==,4
MTQ2NTAwMTA5MTk3NTk1MDk1ODE=,4
MTQ3MTg3MTYxNjgwNjU2NTQyMQ==,4
MTU5NTAxMzM4MDQ2NjE5NTY1ODk=,4
ODQ5NDQ1NzI2NDIxMzg5MTk5Nw==,4
MTQ5NzA5Njg5NDY4OTg1MjQwNzc=,4
Nzg5Nzc5NzAzOTUwNDUyMzQwNQ==,4
MTE0MzY3MTE4Mjg3MDk5MjYzNDk=,4
MTI3NTk3MzQ2NTEyOTM1OTAyODU=,4
MTY3OTE4NTczNjk4NjM0ODUwMDU=,4
MTE4NzM0MTc2NDA4MzUzNjE1ODE=,4
MTY3NzI1Mjk3NDI3ODM4MjMyNzc=,4
MTU2OTU3NjA4MjYyNjAzNzE1MzM=,4
MTUxMTU5ODE2MTExMjgwMjMyNzc=,4
ODA2MTIwOTQ3ODY3MzgxNTYyOQ==,4
NjczOTY0NTYzNjM5MjA4MzgzNw==,4
MTQ2NTI2NTMyNTQ1NTQ5MDIwMTM=,4
MTY0MjA5NDk0OTI4ODg3NjMwMjE=,4
MTM2NTk3OTU2OTU2MzQ1NjU4Mzc=,4
ODA1MTIwMjk2MTM0NDkyNzUzMw==,4
Nzc4NjEwNzg5MDMxMDU2NDc2NQ==,4
MTgxMTQ1NDczODk0MTgwMDkyNDU=,4
Njg1NDc1NTUwMjY2MDE2MzI3Nw==,4
MTUxNjcxNDQwODYzODQ0NjUxMzM=,4
ODk4MDg4OTUyMzg3ODY0MjIyMQ==,4
MTMzNjc2MzU1MjY3MDI3Mzk4MjE=,4
MTc5NDE5NzgxNDUwOTkxNDYyNTM=,4
NzA3OTU4Mzg0NTQwOTQ2MzY3Nw==,4
MTMwODU4MzIxNDAyMDIwMDkyMTM=,4
ODE4NzQ4MTAzNTkyNDg3Njkz,4
MTAzNzA0NzUyMDE4NjM1MTE3NDE=,4
MTY3OTg4MTEyMzQ5NjI4MjMzNzM=,4
NjQyOTAyMzkxNDM0NTA0NDcxNw==,4
MTA4MTIxNTkzOTY4NjY3NzMzNTc=,4
MTYyNzEwMTM5NzA4OTc2MTU5OTc=,4
MTM0MTQxOTg3NDc0MjcwMjI5NTc=,4
MzgwNDYyNzg1MTg4MjYyMjYyMQ==,4
MTM3NTYyNTU4NTE5ODQ0MjgyMzc=,4
Mjk1MjE2NDU5ODE3Mjk1NjY4NQ==,4
MTE0MzQ4NTk3NTgxNDA2NDk0MQ==,4
MzQzNzY4MjU0Njc4OTYwOTQ4NQ==,4
NTU1NjE5Mzk5Mjg3MDMxNzE4MQ==,4
OTMwNzg0OTM2ODg1Njg5OTQzNw==,4
MTMyODM1MzU1MzI2MTI2Njk2Nzc=,4
MTM5MTY2OTUyODEzMTc2NzQzMzM=,4
MTgwNzI4MDg0MTM2MjA3Njc5OTc=,4
MTExODQ3OTcyMTkxMTgxMjIxODk=,4
MTIzMTY3OTY1ODA1MzkyOTY5Mw==,4
OTA1MzExNDAzNDUyMDc3NjYzNw==,4
NTIxOTg3MDE1NTYzMjAzNzU2NQ==,4
Njg2OTcwNTM1NDk0Mjc2MjMzMw==,4
MTcwMjY2MDAwMjc3ODE0NTQ2OQ==,4
MTcxODYwMDIwNTI4NDcxNjI1NzM=,4
MTIzMzk4NDIyOTQzNzgxMTQyODU=,4
MTU2NzAwMjM5MzkwODk5Nzk0NTM=,4
MTI1MDk0MTU5MTcyOTAzMzI0MTM=,4
MTE0NjM0NzQ2MjcxODg2MjAzMzM=,4
MzQxODgyODE5MTUyMzIxNjA5Mw==,4
ODM1NjgzMTgwNDU5OTAwNzQyMQ==,4
MTA5ODQzNDYxNDc5MzAxODQwMjk=,4
MTI1MTU0Mzk5MzgyMjE3MjYwMjk=,4
MjI4NjkyODkzMzkxODkwNDg5Mw==,4
MTIwNTk1NjM4MTI3ODcwODE0MQ==,4
MTU2NDQ4ODM0MDExNDQxNTE2OTM=,4
Nzc4NTgyMDIzMDEyODA1MzQzNw==,4
ODc2OTI0MDg4ODY4OTk3OTEwMQ==,4
NjA4MTU2NTUyNzI4NDQwOTk0OQ==,4
ODc3NTExMzEwMzQxMjY4NTk4MQ==,4
MTIwNjI5MjcxMzAzMDM2MDU1ODE=,4
NzA5MTM0NzQ1NTE0MTc3ODg2MQ==,4
MTYyOTc0NDU4MjA0MjI5MjE1NjU=,4
MTU4MzkyODI0MTU1ODczMzQ3MDE=,4
MTc5MjQ2MzkzMjcxNzcwNTkzMjU=,4
MjU3MDEzNjgxMTY2Njk5NzQ1Mw==,4
NjIwMzI3OTgwNDQ5MTIxMjU=,4
MzM0Mzg1MTMyNDE0OTIxNjAxMw==,4
MTA5MDI4MDA5MzcwODMzOTc5OTc=,4
MTMzOTE1NjE1ODczNjY4NzQ0NDU=,4
MTM0NTA1NzczOTIyMjU4OTA5NzM=,4
NTY4OTIyMzQyNjAxOTY3MDY2OQ==,4
MTYyOTg0ODY1MDg4MTMxMzEyMjk=,4
MTE5NDU0OTM4NTg3NDkwMTgzOTc=,4
MjgzNjM2MjA0Mzk1OTM5NzA1Mw==,4
NTk0OTE5OTU4MzE0NzUyNzkzMw==,4
MTQxMDUwODk1OTE4Njk0Nzk2MTM=,4
MTM2MDgyNjkyMTU1MjA0ODYyMDU=,4
MTAwNTI0MzQyNDY2OTM5NDIxMjU=,4
MTA0NzE0Nzc5OTc4OTg4NDcwMQ==,4
MTI5Mzc1NTI0ODQ0MDMwODA3NDk=,4
MTY4NDMxNDgwNzUzMzU4NjcwNTM=,4
MTcyMDI3NjEwMTQ2MzY0MzY4NjE=,4
NTU2OTA0MjI2OTMxODkzMDIyMQ==,4
MzA5ODA0MzY3ODQ2NTM0NTg2OQ==,4
MTU3OTAyMDYxOTM4NDc0MTM0MDU=,4
NDU3OTQyNjYyMjY0ODg2MDM0OQ==,4
MTM5ODM2NjAxNDI4NDUxMjUwNjk=,4
MTMwNjQ3NDE3OTA5NzEzMjM0Mzc=,4
MTQ0NDM0OTAzMzczMzg5ODAwMTM=,4
MTgxMzM2ODg3ODY5MDczNTc1OTc=,4
Nzc4NDY5MzAyODU5NDE1ODg2MQ==,4
Njc2NDU0NjAwNTA2MjE1MjUwOQ==,4
MTgwMTE4NTcxOTU5MTE5MDc5NDk=,4
MTQyMjc4NTcwMDUyOTQyMzQ3NjU=,4
ODczMTE0NTQyMDY5NTY4OTcyNQ==,4
MjExNDU1NzYwMzA1MjIzMzEzMw==,4
MTU1OTMxNTAzNDg3MzU2MTY2MDU=,4
Mjg2MzQ0OTE3OTk0NTQwMjY5,4
NjU2NjU3ODU5MDM5MTYwNjU3Mw==,4
MTA0MDE0MTU4NzA2NzU4MzAxMDk=,4
MTMxMDUwMjk4ODcyODA2NTMyNDU=,4
MTIzNTI5NTgwMjUzMTgwMjU2Mjk=,4
ODQ1MTc0OTU1MDEwMTIwNzA4NQ==,4
MTc5NjQ2MjE4MzA3MjQwMjQzNDk=,4
MTQyOTgzNzgwMjgyOTQxODI2Njk=,4
ODUxMzcwNzUxOTY4Nzk5OTgx,4
ODY0Nzc2OTYwNDk0MDg3MTgx,4
NzA1MzEyMzg0NTUxMzU2ODI5,4
MTUxNzIwNzEyMDI5MDc4Nzg5NDE=,4
MjA3MjMzNDc3ODI3NDYwMzc3Mw==,4
MTMyOTk0OTUwMTI1NDY3NzA2MjE=,4
MTc5OTQyMTE2MTU1Mzk1NTc1OTc=,4
MTg2MTg2NzA4NzUyNjU3NDI2OQ==,4
ODQ4NDcyODA5ODQwODc0Njk0MQ==,4
MTQ2MjcwNTc5MjY3NjE3Mjk5MDE=,4
MTc0NjUxNjY2MTM5MjAxNzMwNTM=,4
MTY0NjI2NjAyOTE3MDkyODg3ODE=,4
OTE1MDgzMzc1MTA5Njk2NDA0NQ==,4
MTA2NTI1OTI3NzM1Nzg0MTM2Nzc=,4
MTc3NDg0OTg3MzM1NjQ1NTEwNTM=,4
MTc2MTg2MDkyOTk5NzEzNTEyNDU=,4
MTcwODY4Nzc2NDYyMzk4OTgyMjE=,4
MTIwOTcxNjA2MzE0OTA3NzMyNDU=,4
ODY5NjI0NDY1NTEzMDEzMzgwNQ==,4
Njc1NjI2MTMyMjU4NjgxOTQ4NQ==,4
MTQ2NDQxMDY2NDQwODE2OTI1,4
MTA4MzMxODQzMjgxMTU4Nzk5OTc=,4
MTc3ODM1OTUwMDY2Mzc4OTc3NzM=,4
MTc5MTQzNjkyMDM1NDMwMzg4Nzc=,4
MTgyNjY5NjI0OTkxMzQzMzc0MQ==,4
NzI0MjIwMDk5NzQ4OTgzMjQ5Mw==,4
MTg2MjE4MzY3NjM1MzI0MjA5Mw==,4
MTM3NjM4NTEwMDQwMDY2MTY5NzM=,4
Mzg2MTkxMTE3MjE2OTE1ODcxNw==,4
MTYxMjg3NzcwMjU0MTc1MTIzODE=,4
MTYxNzYxMDg1NDczODMzMzY5Mw==,4
MTgyNTUyODg3MjczNzEzMTMxODE=,4
ODMwMjM3NTE5MzY5NTcwMzIyOQ==,4
MTU3MjI5MzgxNDMyOTU4ODUyMjk=,4
NTE1NjcxNzU3NjA2NDQ0MTQyMQ==,4
MTc2OTEwNTYxODk2ODQ2MDQzMTc=,4
MTU2MzkyMjkzMDAyMjc2OTA5ODk=,4
ODQzODIzMzA1MDIzMTE1NzQzNw==,4
ODU1OTQ4NjAyMTE0NDk3NzEzMw==,4
MTIzNjg4Mzg0MTA0MjYxMzM2Mjk=,4
NTQ4NTg3NTgyODYyMzgyNTUzMw==,4
MTc0MTE4MjMzOTQxNjIyNTI3NjU=,4
NjU3ODMzNTczODYwOTMyNjg0NQ==,4
NDQ4OTk1Njk1NDM3NjU5MjkwOQ==,4
NDA0MDAzNTU1OTE0NTQ5ODAyOQ==,4
ODgyNTY5NTM4MTUwNzI3OTU5Nw==,4
MTQ4OTQ4NTE4MjAxOTgzNzA3NjU=,4
MTQ5ODQxODQ5NDA1OTQ0MjkzODk=,4
NDQwNTEzOTExOTA3OTM3MTg4NQ==,4
MTMyMTEzOTg0MTAyNzA3NjQ2MQ==,4
MTUxMzg0NTM2MzU2NzU3MzEyMjk=,4
NjI1NDc4Nzg3OTIxNjYwMzQzNw==,4
MTgxMjc5Nzk5ODI4OTgxMDA3OTc=,4
MTM3NDI4NDgzMzg5Njg0NjAzNDk=,4
MTYzNDIwNTcxNTA1NTMwNDc0OQ==,4
MzU3MTQ2MDEyNzkyOTQ4NDgxMw==,4
MTI0Mjc0MjQxNjY5MTM2NjAyMDU=,4
MTU4ODcxMTUwODY5Njg1NTIwNjE=,4
NzYwNTcwNDQyMjg2OTg0NTkxNw==,4
NTc1MDU1OTc0OTI2MzkwODQ0NQ==,4
MjQ0Mzc4OTU5MjI3ODk1MzMyNQ==,4
MTQ4NjE1OTMzMDgyNjEzMzE5OTc=,4
MjQ5MTc1NzkxNjc4MDQ5NjIyMQ==,4
OTcwMTU2MTA1MTMzMDUxMDM2NQ==,4
MTI5NTA3Njg2MTUwMjYwMTg4NjE=,4
ODA1ODg3NjI0OTA4MjkxMzIxMw==,4
ODQ4NjY5NjQyNzE0NDUxNTYyOQ==,4
MTI1MzIxNTIyMzY3NjA4MzA5ODk=,4
MTQ0OTc4NjQ5NjY1MDg2MDc3NzM=,4
MTM0NTQ5MTQ4MzA0NzAxNjMwMDU=,4
MTEyNzE0MDA1MjY4ODIzOTA3OTc=,4
MTIxOTk1NTY1MDEyNDA2Njg1NDE=,4
Nzk1MDc4NTQ1NzM3OTQyMzY3Nw==,4
MzA4ODM2MTEwNDMwODQxODA2MQ==,4
NDQ2Mzc5OTkxNzg5NTAyMTA4NQ==,4
NTA3Mjc4MjQ1MzkxMjQ4NTQx,4
MTM0NDA1MDUxNzc4MzMwODY2NTM=,4
NDQ0NzUwOTIwODg0OTM4NzUzMw==,4
NTY5MTgyNTk3MDY4NzA4NDQyOQ==,4
NDg1NDIwODczMjAzNzY1NDQ5Mw==,4
NjgzNzgzMzM5OTQ3MTEyNTk0OQ==,4
MjA4NzU1NTc5NzU3MDI4MDM2NQ==,4
ODE4NzMzMjA1MjExMDE1ODMwMQ==,4
MTA0Mzg2NTA2OTIzNzUyODI0Mjk=,4
MTQ0Njk5MDMwMTA5MTYyNTM5MTc=,4
NDQ2MDUwNDc0ODIxNDIxMjY1Mw==,4
Njk2MTUxNjc3NDg3ODQwMzQyMQ==,4
MTY1NDU1NTYwNDU2MDc4ODUxOTc=,4
OTEzMTA5MTMzMjgwMzkxMTQwNQ==,4
MTY3NzM2Mjk4NzYxODk1MzQ0NjE=,4
MTgyNjI1ODA4OTQ1NDI1OTExMTc=,4
Mzc1Njk2MTgyNTQ0NTU3NDIx,4
MTI3NDI1NzQ2NDI0Mjk0MDQzODE=,4
NjY2NjcxMjgzMjA4MDIxOTUxNw==,4
MTM4Mzg4ODEzMzM5MDkwMzY0Nzc=,4
MTAwODMxOTc2MjA0NzIyNjQ2NTM=,4
NDE5MTU4MTUyNDM2MzgwMzg4NQ==,4
NDA2MDUyMTA0MzQxNDgxMDE0MQ==,4
MTYzNTQyODU1NTQ1NTk2MjY3NjU=,4
MjczNjU3MDY0MDMxMTk0MTExNw==,4
NjMxNjQxNjA1NTE5MDcyNTAzNw==,4
NDMwNjMwMDAzMDg5NDQ3MTQzNw==,4
MTYyNDU0NTU1NDk0NzQ2NTIyMjE=,4
NTc4NTMyNzY4MzUwMzYyMDc2NQ==,4
NTEyOTk1NjQyNTM1NTQ2OTI5Mw==,4
MTUxNjM2NTI0NDc3OTM3NzI0Mjk=,4
MTA0OTk5OTczMjUzNzA4MTE1NjU=,4
NjcyMjEzODgwMTM1MTM3MzkxNw==,4
ODI4ODcxNjM3MDgyNTMzMjMxNw==,4
MjgwNzk5NTc0MzkyMTkzMDY4NQ==,4
ODgzNjkwNjc1NzEyMTQyNDI4NQ==,4
MTM2NzU3ODU0MTM5ODgwNjI3NDk=,4
MTcxOTkzMDM4Nzc3OTA0MDA1NzM=,4
MTQ4MzkwNzcwMjk0NjM2NDE3NzM=,4
MTE0MTExOTE3NDg2MTc0NDIwOTM=,4
MTE5MTAwNTY1MzIzMTg1OTU2NjE=,4
NzExODQwNDg1MzE5MTYyOTA1Mw==,4
MTc2NTAyMDYyNDM1NDI0MzA5ODk=,4
MTExODY5NzQwNDgwMTc0NzY3MDE=,4
OTU5MTE4NjM2OTU4NDY0MzMwOQ==,4
MTAxMjkyNTA4NzAzMDY4NTAxNzM=,4
NjUyMjE2OTUyMzA2NzcxNDM5Nw==,4
ODE3NDkxMDg5Mjc0Mjk0OTg5,4
MTU5MzIwNDgxNDUyNDA2NzYxMjU=,4
NzYyMTU1MjkxODU1MDgyMzgwNQ==,4
MTYxNTU0OTk0MTY4NzQwNTE1NDk=,4
MTY5MDk2NTg2OTg1NjU4MDYwNQ==,4
MTg2NDM1MDA1NjUwMDA0OTkxNw==,4
MTgyODg5ODAzNzI0NzM2MjU5MTc=,4
MTQ1NTI2ODc5OTAxNzUwMzg4MTM=,4
NTk4NTE3MTA2OTAyMzk1MjY2OQ==,4
Mzg1OTczMTc5MzQ0Njc4MDI5,4
ODc0NTAwMzI1MzA2Nzk3MTI5Mw==,4
MTc4MDg1NTI5NTk4NzQ1NzE0MDU=,4
MjgwMDE5NjAxMzgzOTczMjI2OQ==,4
MTM1OTg1NTE5MzQ0MzQ3NDg4NDU=,4
MTQyODg1NjI5NjYxNTc2NDM1OTc=,4
ODEzMjIyNzU1NjA0MTU5ODM2NQ==,4
ODY1MzgzNTczMjEwNDQ0MzQ1Mw==,4
MzczMjgxMDM2MzI5NjgxNDAxMw==,4
Nzg1NjA1NzM4MDMzMDI3NjQ5Mw==,4
MTIwMjQwNTUzMzgyNjY5MjU5MTc=,4
MTE4ODYyNDc1Njg4ODU1Nzc0NTM=,4
ODEzNjE3ODAzMjU5NjU1Njc0OQ==,4
MTM4MTcwMjY0NzcxNTI4NjYzMzM=,4
ODM5MTYxMzIwNjE5MzU5NTQ1Mw==,4
NjU2ODg1OTUyNjEzNTQwMzk0OQ==,4
Njk1NDI5MTgxNjcwNjE1Nzk2NQ==,4
NjE1NjgyMDAxODgxMzY1MTY5Mw==,4
MTYyNTg4NjAxNzY2MzU0Nzg3NjU=,4
MTI0MTIzMTY2Nzc1NTAyNzU0OQ==,4
MTMzMTExMzYxNTg0NDYyNzkzNzM=,4
NzQ1OTc4MTYyNDc0NjgyMDkz,4
MTQwODA4NDQ2NzEzMzc1NjczMjU=,4
MTAyNTE1ODcyNzgzNzg1NTkzMDk=,4
MTg0MDE0OTQwMTc1NjcyMjQzOTc=,4
MTE3NzU3NTM1MTk5Njg0OTY2ODU=,4
MTMzMzM4ODg2OTk1MjAwOTIxMjU=,4
MjY0NTIxODYxMDEzMTk2OTg2OQ==,4
MTYxODg3OTU3MjA0ODA5OTE0MDU=,4
MzY5NTMzNDY3ODM3MDg2MDEwOQ==,4
MTQyODIwMTk3NzI0NTIzNjQ4Nzc=,4
MTQ3NjAwNzY0MzIxNDE1MzczNTc=,4
MjUyNDg5MDMyMzUzNzczNjEz,4
MjM3OTE4MjQ5NzY0NzEwODUwOQ==,4
MTc4NDUzOTEyNzI0NzU0MjcyNzc=,4
MTM0MjM1MjU5NzMzMjY1OTM1OTc=,4
Nzg1MzExNDQ2NTU2MzExNzQzNw==,4
MTc5Mzk2OTA4ODc5ODg5MTIzMzM=,4
NTE5ODIzOTM5NDAxMzYwODY4NQ==,4
MjI1NjMwNjA5MzEyOTkzMzYxMw==,4
NjU5NzQxODUxOTU2MTU4Mzg1Mw==,4
Nzg0ODg1MDI4NjE3MDg1MjQxMw==,4
MTAyNjYyNDM5MDE4NTc2MjM4NTM=,4
MTQzMDkzNDU3Mjg2MTU5NTAwNDU=,4
MTMzMjU4MDg1MjM1NTk1NTM3MjU=,4
MjY5MTcwMjY2NjQxMDIyMzE4MQ==,4
MTE1NDk3NTUyODM5MTcxMjk4OQ==,4
MTM0OTc4Mjk4Njk2MDgwMDEzNDE=,4
OTEyNjkwODE3MDU5MDg4MTYyOQ==,4
NDcwMzI4MjEzOTM3MjkzNTE0OQ==,4
MTc3MjM1Nzk4ODE4NjUyOTU3NDE=,4
MTc3NzE3MDA0MjA4NjExMzEwMzc=,4
Nzk2NTEzNDM2MDQzNTAxNzk4MQ==,4
MTM3NjYzODI0MjE4NjAxNDkxNDk=,4
MTE3MTYzMjE4OTY0MjQwNDQxNDE=,4
NDI4ODk0MDU5ODg1MTAyNTcyNQ==,4
MTgyNDY0ODQ4NTg0NDU0MDkz,4
MTE4MjUyMDY2Njc0NDM4NTgzODE=,4
MzMzMDg2MTAwODEwNDcxODYzNw==,4
OTM0NjM0NDU3OTU0MDUwNDczMw==,4
NzAyOTUyNjM4MzY1MjM3NDY1Mw==,4
OTgxMTkzNTM4NjU0ODYxNzE0OQ==,4
MTU5MzY1NjU4Mjk3NzAyNTczODk=,4
OTU0MjYwNjMwMzk1NDQzMDM2NQ==,4
MTIzMjg3NTQ0MDQ3NjcwMTc0MjE=,4
MTIzNjg2MDgwNjAxNDg5NjU2Mjk=,4
MTAwNzEyOTMyNzU2MDUyODY4MTM=,4
Mzc0MTg4MjIzMDEwNzI3NjMwMQ==,4
OTUyMTE0NDY2NDAzMzQ1OTAzNw==,4
MTI2MDUwMzA2ODQ1MTYxNDQ0Nzc=,4
Njg0MjQ0NDM0MTA5OTA3MDYyMQ==,4
MTAxMzk5NzA0OTA5NzU3MTYzOTc=,4
OTM4MDU5NzM5MTI5MzY4MjI2OQ==,4
MTMwMzQwMDA2ODMyODQzODMzNzM=,4
MTMzNTEyMjQyODcyMjE3MDI3MTc=,4
MTEyMzcwNzM4NDM2MDY2NzQ5MDk=,4
MTE0NTA4MzI3MTg4Njk2ODYxMjU=,4
MTY1NzMyNjEwNDg1OTE0Nzg1Mw==,4
MTU4MjE5NTUyMTA3NjIwNDE2NDU=,4
MTc2MjAxNzIxODkyMzM4MDg4Mjk=,4
NTUzMDA5OTk3MDc2ODE4OTc4OQ==,4
ODI4NTA2MzM4MTkwNDg4MzEzMw==,4
MTM3NjIyNjIwMDM1OTMxMzQxMDk=,4
OTM3NTkxNzkzNjI0NTQ2ODAxMw==,4
MTE0MjU1ODc4NjAyNzE5MzA5NzM=,4
MTQ0MDIzNzk4MDU2MzMyMzAwNDU=,4
MTI5NTYzMDgxNTkyNjU3MDkxNDk=,4
MTM0OTQ1NjYyNDMwNDA3NTI2Mzc=,4
OTE3Mzk5NDYxODcwNzE3MjYwNQ==,4
MTE5MjcyMTU4NTI0NDk3NTM2OTM=,4
MTI3MzU2NzM1NTY4MzM4NzQ1MjU=,4
NzkzMDA3MjY1NDE4NjA5NzQyMQ==,4
NjI5MDk4NTAzODUyMjg2NDUyNQ==,4
MTQ5OTgwMzkxOTg1MTA3NTkxNDk=,4
MzkzNjYyNjc2ODQ1NTIyMjUwOQ==,4
MTU4OTEyMzA4MzY5NzE4NDk5MTc=,4
MTQxMjc0Mzk3NzcxMjI3MDI5NDE=,4
MTQ0Nzc4ODE0ODA2MTIzNTcxMTc=,4
NTA5NzAyMjM0MDgyNTE3NzAzNw==,4
NDg1ODg4ODk0NDA1NzE3MjU0MQ==,4
NTA3MjkyNTE2NzY3MDgwNTEzMw==,4
ODQyMjAxNjI4MTEwOTY4OTA2OQ==,4
NzQ2MzM0NTc3Mzg4MTUxOTE0OQ==,4
MTYyOTYwODc1MDkzNTY4OTU2Nzc=,4
MTcyNzI5MzU2OTY5ODIyMjIwNzc=,4
NzYyMzIxMTg3Njk1MjExOTI0NQ==,4
MTQ4OTQ3NDg4MDczMTkwNjA5NTc=,4
MzQwMzc0NDk1MzAwNzEzNzE0OQ==,4
NzIzNzAyMjU3MjExODU0ODg0NQ==,4
MTI1NTUwNTQzNzkxMzY3MTgzODE=,4
ODE3MjYwMjc5MjE4MjQ4OTUxNw==,4
MTIzNDk3NTA2MTE0NTkxNDQ1MDk=,4
NTgyNTUyNDA0MjE0NTE3ODU1Nw==,4
NzY5OTIzMTE0NjYzMTEzMTgyMQ==,4
NTY1MjM2OTM3NzE2NTk4NjE3Mw==,4
MTQ3ODYwMzUzNTE5MzUyNDM3MjU=,4
NzY2NTUwMjUzMjAzOTcxODU3Mw==,4
MTY5ODcyNzMwMjI5OTI3OTg2Njk=,4
ODM1NzQyNzg3OTI0MzkwODEyNQ==,4
MTUwODY4MDI0MjgxMzg5MTcwMjE=,4
Nzc5OTIzODgxMDA1Mjk5NDU4OQ==,4
NTE3MDI5NTY0Nzk0NjQ1NDAxMw==,4
MTczNTQyNjc5NDY4MjU2MjU5MTc=,4
NzEwNDI2MjA0MzQwNTA3MzAwNQ==,4
MTc5MjM1NTUwNjk5NzkzMzExMDE=,4
MTMwMzc0MzA0NzA4MjA1NzU5MTc=,4
OTE1NDQ2MjM0MTA5MjYyNTg5,4
MTU0Nzk3MTk5MTcyNzA1MjY5MDk=,4
MTE4NTk2OTAzMDc1Njg3MDczMjU=,4
OTAyNTA2ODY1NDc4OTI2NzY3Nw==,4
MTE3NzYwNTEyODIzMjA4NTg5,4
MTI0MTU5NjAzODQ0ODEwNjkwMzc=,4
OTc0NDM4OTI5NTk2MDUxODQ0NQ==,4
ODY3MDk2MzAzNDY3MDQzODgyOQ==,4
MTUxNDAzMTU5MzE4NTQwMDgyODU=,4
MTA3MTMyMzk4NDAwMzQ2Njg3MDE=,4
MTU0ODA3NTk1MTY4NTQ3NzUzMw==,4
MTYwNjA1NjgxMzQ2MjEzMDY5NzM=,4
MjI5NjEyMzYwMTMzMzcyOTk4MQ==,4
MTQ0OTMyODg0NTQ4MzI3Mzk1OTc=,4
ODQ5MTQxNzMxNzkwNTMwNTM1Nw==,4
ODMyOTk4MDAxNDM2NDkwODE0MQ==,4
MTY3NTIyMTIzNDkzNjE2NDc2NDU=,4
NjM1NTUzODQ2NzMzMTc2MTI5Mw==,4
MTAxNTk5NDkzNzI1MzI0ODQzMTc=,4
ODA2OTc1NTM2ODA4NjM5NTk2NQ==,4
MTc2MzA1NTg3OTMwNTM2NDI0NDU=,4
OTEzMDU3NjIxMDMzODMzNzkwMQ==,4
OTgyODU5NTczNjQyNjA0MjQyOQ==,4
Mjk5NTIwODc2MzU4OTIzNDE3Mw==,4
MTIzODEwOTc1NTA2Njg3MDI1NTc=,4
MTUwMjcyMjM5NDkwNDkzMzU5NDk=,4
MTEwMDA1MTMyOTcxNzczMDExMzM=,4
MjA3NDgyNDc1ODI4MDc3NTM4OQ==,4
MTAxODYyOTI1NzI1MjAxMzYxNTc=,4
OTY1OTE4NzcyNzk3NDA0ODI2OQ==,4
MTI0NTUxNTc5MDYzODcxNTMxMTc=,4
NjA2ODUyNjc2MzM2NDQyNDYyMQ==,4
MTMzNDY3MjI1NDMxNzI1NjkxMzM=,4
MTYyNzAxNDY4NzA0NjM4NjU4ODU=,4
OTUyNDMwMzIxNzI2NDM0MjA5Mw==,4
MzQ4MjY4Nzk2MzU0NTc4MjQ2MQ==,4
NDk3Mzc3MjkyODQwMjAyNDY2OQ==,4
ODYwOTU5MjU1NDA0OTA2NTkzMw==,4
MTgzMzYzMDE3NzI5MTAwNDI3MDE=,4
MTI0NTQ2ODAxNTY4OTU0MzMwOQ==,4
MTc0MzkxNjAxMzg4ODIzNjA2MQ==,4
NzgzNzI2NDMxNzg2Nzk0NTUwMQ==,4
MzQxNjkyMTcwNTEwMDk1MTAyMQ==,4
MTAzMjc5MjIzMTQ1MTAyNTI4OTM=,4
NTk4ODI2NTAyNTUyMzA0NzUwMQ==,4
MTQwMjg4MjU0MDIyNDI1NTMzNzM=,4
NjU5ODM2ODkwNjI3ODQwMTkzMw==,4
MjQzNDA1OTUzNTc5OTAxNzE0OQ==,4
NjQ2MDE2OTE2MzUwMTMxMjA5Mw==,4
NjcwOTYwNzUyMzgwMzkyMzgx,4
MTUxNzcyNTAzODMyMjg1NDg1NTc=,4
MTI4MjcwNzEwMDQzMzM3NDI4NQ==,4
MTYwNjUzMTAxOTEyNDY0OTQyMDU=,4
MTE5NzUxNjExNzEzNjQwNzE4MQ==,4
ODk5NTk0Mjg2NjAzMzkyMDU0MQ==,4
MTI3MDY1NzYwMTQ2MjkyMzgxNTc=,4
MTU1NzA5Mjg0NjIxMzE1Mzg4NjE=,4
NTM4MjgwNzYwNjkwMjcyNDIyMQ==,4
MTA0NzM0NzE1NTc0NjAyMzAyMQ==,4
NjU2NTM3Mjg0MDQyMDg5NjQ2MQ==,4
NDQ2NzQxNzUxODY4ODczMzMyNQ==,4
MTc0MzM4MTI3MzIxMTUxODY1MDk=,4
OTc2NTMxNTEzNDA3MjM4OTE0OQ==,4
NTk1NjIzNzU1Nzc2NzczMjczMw==,4
MTE2MzY2NTAzODc5NjA2NTUxNw==,4
MTIwOTg4NDYzODY0ODc3ODUwNjk=,4
Njc4NzA4MzcyMzQ2NzIwNzI3Nw==,4
MTE0Njc5NTQxNzM1MzMxMjE5MzM=,4
MjE2MTQzOTg2Njg3Njg0ODEz,4
MTM2NDA1NzcyNjM4NTYxMzQ5NzM=,4
Mjc2MjIzODk0NjY2MDUxNjIwNQ==,4
NDAyNzAyOTc4MDU0NzE2MzMyNQ==,4
MTczNTgxOTc2MDE3MzQ5ODE0Mzc=,4
NzU5NTY5NjI1MzU0NTUwNjU1Nw==,4
NDAwNjU4OTY1NDA3MDY3ODAyOQ==,4
MjEwMTM1NzgyNzY3MTMxNDYzNw==,4
MTMxNDc0NzcyOTA1MjA2NzAxMjU=,4
MTA5MzQ2MzkzNTc1NjY0MTcwMzc=,4
MTA4OTI1MTc0ODIwMDg2NTczMjU=,4
MTAxNDU3OTUxNTQ5NDY0NjIxMjU=,4
MTQxMDAyMjI2MDI1OTM0NTY3MDE=,4
MTg3MTgzMTc1NTI4MTIyMzk0OQ==,4
MTc4NjcxNTEzNjI0MjEwNzIxMjU=,4
MTU3MzA3MDE1ODcyNDkxMzIwOTM=,4
NDcxNTY5MzA4NDY3Mjg1OTU0OQ==,4
MTMwNTM1Njk5Mjg2MzQzNDYwOTM=,4
MTE3OTcwNjIwNTY3MjUzOTk1OTc=,4
NzUzMDUxODkyMTc2OTE2NzYyOQ==,4
MTcyMDYzOTA3MTA4ODY3OTU1MDE=,4
MTE2Njk5NjU5MzY2NTM5MTY2NTM=,4
MTMxMjgyNDY4MzE4Mjc3MTE0MDU=,4
MTYyMjg4ODc1NTc0NzQ4MDU2OTM=,4
NDczMjQ0NDQxODQ3NDU3Mzc4OQ==,4
MTc2NjUxMTEyODk4ODIzMzMxNDk=,4
MjIzNzY2ODM1NDY1NzY2MjA1,4
NjE4NTU5NzgxMTQxMDk0ODM5Nw==,4
MjgxNjU0NDk5MjgyOTQ1NTE2NQ==,4
MTc5MzA3NDU3NDA0ODQ3NjE3ODk=,4
ODA1NjU2OTg4NTQ3NzA0NTg1Mw==,4
MTI1OTkwMDk1NTYwMDgwNDk5NjU=,4
MTgwODczOTI4MTc2MDIyNjAxNDE=,4
NzY1OTQyNzI0NzkxMjMxODk3Mw==,4
NTE3NDc4OTAxMTEzMjU0MTY3Nw==,4
MTcxODY5NzQ3MTEwMDkzOTg1NzM=,4
NDQ2OTY0NjQzNDEyODkwNTI3Nw==,4
Mjg2NzQyNDEzODMyNTk0MjAyOQ==,4
MTM4MzY2OTI1NDY1MzQ1Mjk2Nzc=,4
Nzc1NzI3MzA2NjY5NzE0MzMz,4
MTQ2MzIxMTQxNzA2ODc1MjMxNDk=,4
NzM2NjE0NTcxNTU2MTc1ODIwNQ==,4
MjU2MzAxMTgzNzA5NTEzMjUyNQ==,4
MTM1MTY4NjI2ODc1NDMwODI2MjE=,4
MTgxNDMxNzEwNDE3MTk4OTc3NzM=,4
MTM0NDc4MzEzNjQzODUwMDE3NTc=,4
MTA2MTA5ODI3ODQ5MTE1ODg3MDE=,4
MjM3MDI4NjgyNzcwOTEwMDEwOQ==,4
MTgzMTk4NjcyMzY1MzEwNDk0NTM=,4
MTY0NzQyOTI5ODUzMDU0MTk3NTc=,4
MTU3OTI4NDYxOTM0MDQ3OTQ1NDE=,4
MTY2Njk4NTEwOTI3ODM3MDk2Mjk=,4
MTM2MTUxNzA0MzY5NjI5MjUzNDE=,4
MTUxODk4NDAyMDYxNDk1NzQzODE=,4
MzM4ODc3MTI1MDk1MzE1MjI1Mw==,4
MTE1ODY2NDg4NjI2MTk0MDQzNDk=,4
MTMxMzQwODk1MDA4Nzk5MzE4NTM=,4
MTI4NDc2OTYzMzk2OTk4ODEwMjE=,4
OTc2Mzc3MjI0MzAwNTk2MTY5Mw==,4
NzMyMzk1NzA1MDg0OTQ0NjE=,4
MTMyNjkzNzM2MTMxNDAxNDA1,4
OTkxNDYzMDgwNTUxNDE0MTE2NQ==,4
MTYxNzA1NzY1NDEzOTkzMDc2Mjk=,4
MTEyMzQyMjY1ODg1MzUyNDg3ODE=,4
NDA2NTM2NjU5MjAxODA3NjQ0NQ==,4
MzMxNjE4NTQ5NTAzNTQzODg1,4
MTMyOTk5MTM5MjQ1ODIxNjA4Mjk=,4
MTUwNDg2NzUxNDMzNjU4NTY1ODk=,4
NjA5NTA5NTIyMjg5NDk3MzM4OQ==,4
Nzk3NzE5MTM5OTAxNDYwNTM4OQ==,4
MTM3MjE2Mjg3OTM5NzEzODgwMTM=,4
MzU0OTI1MzQyNzg2MDg3MTkxNw==,4
Nzg3MTkxMzg0NzM3ODc4MjM4MQ==,4
MTQ2NTY0MzYxOTE4NTcwMjE3MDk=,4
MTY0ODgyNDUzMTA3NjIwMjkxMTc=,4
MTg4OTE0MTI5NTk2MTYzODI2OQ==,4
MjQxOTcyNTU0MjQwMzAwNjg2MQ==,4
MTYwMTQ2NDU5MzEzNDY4MTc2Mjk=,4
MTM2ODk0OTQ2NzE1MTA4OTQ3NDk=,4
MTQ2NDk5NTkxNzUzNzU2ODUzMDk=,4
MzgwNDgxMzMyODgwNzMyMDQ2MQ==,4
OTk3NzgyNTIzNjgwMzU4MjcwMQ==,4
NTQ0MDE2MTkxMjc2ODU5MzcwOQ==,4
MTMxODI5MDY3MTYzMDI2NDE4Njk=,4
MTI3Nzk1MTAzOTgyMjMwNjgyODU=,4
MTY2NzQxMTcyMTI5MDExMzc1Nw==,4
Njc5Mjg4ODY3ODgxMTU4NzQ5,4
MTI5Nzg2MzEzMzUxODU0NTIzMzM=,4
Nzk4OTA2OTA3OTgzODQxOTMyNQ==,4
OTk1NDMzMzQxMzg2MjU1MzM0MQ==,4
MTM2Nzc3NDA2MjA4Nzc0ODMzNTc=,4
MTA2MjgwNjU4Mjg5MjQyNzE1MDE=,4
MjYyNTgzMzA1NDA1MzA5Njg5Mw==,4
NjY4MzAxMDU1MTAzMjM3MDI4NQ==,4
MTE2NDUxNjk0MDU0MDEyNzQyNjk=,4
MTQzNjI1MjQ2MzcxOTgyMjY5NTc=,4
MTI5Nzk5NDUxODM1MzUzOTIwMjk=,4
MjUzMzg0ODYwMDAzOTA5MzY2MQ==,4
ODE4NTAwMjMzNDc5MzI0NzY1,4
MTU0MzA0OTEwNjkyMTI5Nzk2MTM=,4
MjMzMDY0MzQ1NzA2MTUzMTU0OQ==,4
NDMxODcxODExOTQyNjk1OTAx,4
NTM4MTY2MTk4NDExODU2MDAxMw==,4
ODAyMjU4OTc1MTM2OTc1NTgwNQ==,4
MTExOTU2OTA2MzE4MzI4NjEyNjE=,4
NTgzMDQ5NzE5OTY0MTE2MDAxMw==,4
MzI3ODg2Njk1NjMzNzk4Njc4MQ==,4
MjMxNzc4MTE2Mzg1OTYxODE1Nw==,4
NDIxNjMxMzY2MzAyODQxNjk0MQ==,4
MTc0MjUyMzMzODA0MTcwNjkxMDE=,4
MzE4OTQ0MjkyMTYxNjg5NjA0NQ==,4
MTMzMjY4ODk0ODIxMDk4ODk4MjE=,4
NjQyNDg5NDQyNDM5NzU3Njc0OQ==,4
MjE3NTE0ODA0NjEzMDEwMTM0MQ==,4
MTU3ODc5MTg1MjI4NTQ0MTE5NjU=,4
OTY3OTc5NDkxNDY4NDE3MjI2OQ==,4
MTI2MTk1MzM0NTIwNjg5NTIwMTM=,4
MTA0Nzg5ODA1NzYxMzYyMzY2MjE=,4
NDg3ODY0OTA5MDcwODgyMjc4MQ==,4
MTQzNTYxMzEzOTIzODgxMDkzNTc=,4
NzAwMDg2MTU2MjkzMDE4MzY3Nw==,4
NDUxNTY2OTMwODY2NTE1OTI0NQ==,4
OTQ3MjcxOTgzNDY4MTI0MDU3Mw==,4
OTEwMTk0MTc2NjA0NjgxMjg3Nw==,4
NjQwMjM1NTg3ODM4ODM2MzA2OQ==,4
MTcyNjM1NjA5ODQzMzA0OTEzMjU=,4
MTI2NDkzNzk2MjU2NTE2MDI0OTM=,4
MTY2MzczNjg3ODAyNTk1NDIwNQ==,4
MTU1MDQzMzA5NzM2ODMwMzIyMjE=,4
OTQzOTI4MjMwOTMyODU4OTI0NQ==,4
MjE1MTM3OTIxODEzMDE0ODczMw==,4
MjU2Njc5NTQ2MjA2NTAzMjM0OQ==,4
MTgzNzE1ODI3NjQ5MzQ2MDcwODU=,4
MTYyMDAwNTIyNDc0NjAzNjM2Mjk=,4
MTc1ODQwMTA2MjUzNjY4NTY3MDE=,4
NDk3MDY5Mjc4MjM3MTI2OTk0OQ==,4
NjE0NTIxNDY3NTcyMjUxMTg1Mw==,4
OTMyODc5MTYzMDcxMDk3MzA2OQ==,4
MTU1MDUzMTAwODg5NzkwNDUxNDk=,4
NDYzNjIzMTcyMDM4NTAwODEwOQ==,4
OTM2NzI4MTA2NzQxOTYwODA2MQ==,4
MjA1MTQwMzk5MjY0ODk3MjU1Nw==,4
MTM3NjM0NzAwMTkzMTIwMDY5MjU=,4
Mjc2MTQ3MTA3NjI4MjcyNzUwMQ==,4
OTY2NTI0MzI5MDgwODc4NzM0MQ==,4
MTYzMjk1NzM4OTMxNjI2OTE1MDE=,4
MTA5NzY5NzAwNzMxNTY5MjQ2Mzc=,4
MTEyMTA0NTcwNzMwNzMxNzQ2MDU=,4
NDcyNTM3MzIwMzc4MTg1NzA5,4
NDA0OTMyMTYyMzEyNTkyODA3Nw==,4
ODkyNjQ3NTI0MTQ5NTQwMjE1Nw==,4
MTAzMDI3OTA5MDg5MTE5ODIzNw==,4
MTA4NjczNjA1ODQ2MDE0MjkxNDk=,4
NzI1NDcwMjExMDY5NjgxNzQx,4
Njc2NDU2NDc2Mjg5NzQ1Mzc3Mw==,4
MTc1OTM4MzczNzIyNTY1NjM2MTM=,4
MTUyNzc5NzEwNzExNjE2NTQwNQ==,4
MTcxNzgxNTA2NDU4MjAxNjIxNzM=,4
MTA2ODcxNjMxMzY1NzEyNDI2ODU=,4
MTExMjQyNzg3OTY2OTU2OTI2Mzc=,4
MTcwODQwODExMDY5MjI4MDE1OTc=,4
OTg0ODM4ODkzODkxMDY2MzU2NQ==,4
MzE2MzQ5Njc4MTQ2NDI1NDg2MQ==,4
NDQ2MjQ2NTEwODk2NTI5OTIyOQ==,4
MTI4ODk5MjMwODIyOTQzOTI2Mzc=,4
NjI4OTYwNDg3NjE5Mzg4MzQ2OQ==,4
MTI0MTg4ODMwOTQ2MzMwMTgzOTc=,4
ODE4ODgwOTM4NTA0NjczMzExNw==,4
MTE3NzY4MzE5Mzg5MjA1NjQxMw==,4
MTc1MjI4MzMzODc3Mjc3OTQzOTc=,4
NzMwMzI4OTQ1MDY3OTY2MTMyNQ==,4
MTA4MjE4MzkyOTE0OTM1MjkzNDE=,4
MTIyMjgxNjMwNDExOTA5NDU1MzM=,4
MTAyNDEwMTA1MjI4NDM4Nzc4Mzc=,4
MTQxNTAyMTk4Njk2ODQ5OTU5NjU=,4
MjQ4MTg4NjUwMTc3MDU0ODA2MQ==,4
MTMzODMwODA1MDQzNDUzOTE1NjU=,4
MTcxMDI2MDM2ODU3NTMzMTU4ODU=,4
MzI4MTk1Mzk3MTEwNTY1NTg2OQ==,4
MzIwMDYwOTkwNDk1MDc1MjgyOQ==,4
MjU2MDM2NjU1MDA5NDA4Njg2MQ==,4
NzIzMjU3MTk1NTQ5NjExNTYxMw==,4
Mjc0ODI0NjM1NzM1NDE0MDkyNQ==,4
ODU3NzUwMzE3MTI0MzcxNDkyNQ==,4
NjEyNTg5MjMzODE1MDMyODE1Nw==,4
NzE2MjQwNDgzNzEzMzkyMDcwMQ==,4
Njk3NzkzODg3ODAwNzY0NTk5Nw==,4
MTYxMjYyNzE3MTc1Njk5ODI1NzM=,4
NDM1NTYwNzQ5MjU5NDM4NTU4MQ==,4
NjM4MDMzODA5MDg2NzAxNDUwOQ==,4
NjE1NzcyNDM2ODcxMjIzMzMyNQ==,4
MTMxNTQ2OTE4MDMyMjI0MDk3MjU=,4
MTI1MjYyOTU1MDAzNjkxOTQ2OQ==,4
OTQ0MjQwNTk1MjQ0NTMyMzI0NQ==,4
OTU2OTg2OTc5MzEyMzczNjk4OQ==,4
NjYwMzU1MDcxMzU1NjcwNTcz,4
MTY0MDAyNTcxNjQ2NzQ5OTc4ODU=,4
MTA2NjEwMzg2MDExMTE0NDQxODk=,4
Nzg5MDAwNDg2Njg5MjI5OTM1Nw==,4
MTA1OTc0MTY2NjczMjkzMjUzODk=,4
OTcxNjcwNTE2NTMzNDU5MTgx,4
MTc3MjkzODczNjM5NzU2MjE1MzM=,4
MTUxMTI4MTQ2NzQ4NzQwNTIyNTM=,4
MTE1ODAyODk4MzcxOTgxMTg1ODk=,4
NjI5NDA2NDQyNzUwOTA1MjYwNQ==,4
OTQ3OTk1ODMzMDY2MDg2MTg1Mw==,4
MTE2NjA0NTMwMjg0MTUwMDEyNzc=,4
MzAyNTYxMDE4ODc3Njg5NjgxMw==,4
ODY4Nzc3MTMzMzg2MzAwOTE0OQ==,4
MTU5Mjk1ODAyMjI3ODY2MTg4Mjk=,4
ODg5NTE0ODk4NTk5MTU3OTgwNQ==,4
Njk3NDQxOTQwODk2MTQ3ODM5Nw==,4
Nzg4NjEyNTkyODY4Mjk1MzI3Nw==,4
MjA5MTU5ODc2ODgwODI1NDMzMw==,4
NjExNDMzMzg1OTI5NDgxMzM3Mw==,4
OTYyMDQ4Njc3NDg1MDM5MDU4OQ==,4
MTY1NDY1NjkxNzkzNDcxMDg5ODk=,4
Mzc0OTM2OTAxMTA4NzQ3MDUyNQ==,4
MjkwMzMxNzYyOTc5ODY0NjE0MQ==,4
MTUxMDQ0MjUyNjQ0Mzg1MjExNDk=,4
NjA2MzcxMDM1MDkxOTIwMzExNw==,4
MTI1NzYzNTIwNTU0ODM1NDk1ODE=,4
MTE1OTAxNzMwNjk1MTE2NzUwMDU=,4
NTM2MTA5MzQyMzIyMTUyNTUxNw==,4
NzgxMjUwNTUxNjI5ODc3NDU1Nw==,4
ODE3Mzc4NzIzNzMyNzc1NDczMw==,4
MzQwMTIwNDgwMzU0MzQ4NjAxMw==,4
MTQ1NjQ1MTg1Mjk4MDMyMDA4MTM=,4
MjIwNzc3MjA2ODQ3ODYxMzYyOQ==,4
MzE5NDc0MzA0OTMzODc4OTI3Nw==,4
OTc5NzgzMDY0NjQ1MzIxNDk4OQ==,4
MTE5NjI5ODg5NDM3Njc5NjU0NTM=,4
Njk2MTQyOTIyODcwMzIyODU0MQ==,4
OTcwNjczMjk0ODgzNjMyNDMzMw==,4
MzY4Njg2NjkyNjc5ODU5MjY4NQ==,4
MTUwMTQwNTMyMzkyMjcwNzE5MDE=,4
MTA4Njc4NjMxMzI1OTMxMjE0NTM=,4
MTgzMTYxNzIwNTA3MTYwMDg0OTM=,4
MTcyNzcyODI2ODI1NTQxMTYzNjU=,4
MTIzNDcyNjA3MDA4OTA2ODkwMDU=,4
NzI1ODc3MzY2NDMzMDAzODc2NQ==,4
ODc4NjU2MDY2ODUzOTAyMTg1Mw==,4
NDE0NjU3MDk1MzcyMjk4ODM2NQ==,4
MTIxMzI2MDY2ODYyODcxNjMxMzM=,4
MzU1MDcxNjQ2NzA3Mzc3MTcyNQ==,4
MTI1NDc1NzI0MDMyMjg0MDMzMw==,4
NTU5ODU3NTQyNTM3ODk2ODY4NQ==,4
NzYzODMyNTE0NTQzODYzNjczMw==,4
NjY0NzMyNjM4MTAyOTUxNTQ4NQ==,4
OTI2ODM3MzM5NzMyODU2NjI2OQ==,4
NTk4MTU0NTM1ODk1MjIxMzE5Nw==,4
NDk4OTc1NTcwMDg2MzQ3Njc2NQ==,4
MTQwNjkxODI5NzQzNzI3ODMzODk=,4
MTc1MjgzMjI0MjE2MzgzODY3MTc=,4
ODIzMTM5NjU2MzI4ODAzODc5Nw==,4
MTAzNzczNjA4MjUwNDc2NzgwNjE=,4
MjkyMDQ1MzcyNDc1MTI2NjAyOQ==,4
MTc3NTQ5NTY5MjE2MjM3MzAxMDk=,4
MTAwOTI1MzA4OTUxOTkxNjk4MjE=,4
OTMzNTU3MzQ4NjEyOTMzMzA4NQ==,4
MTE3ODY5OTMyNzc4OTg1NjM3NTc=,4
MjgzODQwNDkzNDk2ODA3NzUwMQ==,4
MTc3MDUyNzgxNjgwODIwMjkxNjU=,4
MTQ0Mjg0NTk1NDA5NDAwODEyNQ==,4
NjAzNDIxNTg4NDczMDY2MDEyNQ==,4
MTY3MTgxODkxMzE5ODM5ODA4NDU=,4
Mjc2Mjc0MjczMDc1Nzk1MTM4OQ==,4
MTE3NDY0ODA3NDQyMzc3NDA5MjU=,4
MTIzMzQ5NTAwMTk0MjAzMjg4MTM=,4
NzIzOTY0MzM5ODg5NDYwNzk0OQ==,4
MTAxNTc4MzYwNDMzODQyMDMyNzc=,4
MzA4MDc3MDc2NjIwOTQ5MzYxMw==,4
Mjk4ODM1MzM3NDYwMDgzMjM5Nw==,4
MTU5NjMyMDM5NzQ2MzgzODYyMjE=,4
MTYyMTk2NDMwMDI5MjA2MTkyOTM=,4
MTM3OTI4ODEzNjAxNzYxMDY4NQ==,4
MTMxODgwNTY0ODM1OTMzNTAzOTc=,4
MjI3MDY1NTQ3NzQyNzYwMzQyMQ==,4
ODAzNTAwOTc2ODM2NzA2OTEzMw==,4
NTQ3OTc3Mjk4NjU0ODcxNzU2NQ==,4
MjE1NzMzODk4NDQwMDgyODQ0NQ==,4
MTAzMDExOTY5Njc3MDAyNjc1MzM=,4
MTY3MzIyOTI3NzI4MTg5MjYxNzM=,4
MTEzNTU2NDUxNzkzNDkzMTA5NDE=,4
MTUxOTk1MTM1MDIzMTk4NDc1NDk=,4
MzAxMTA5NzczODA4MDg4NTgwNQ==,4
ODU5MDk3MzU2MTgyOTY1MTM3Mw==,4
MTQxMzI0MDk3MDU2MTAzNjE5MTc=,4
NDkxNjkxNDA4OTkxMjg2ODk0MQ==,4
NDk2Mjk0Nzg5MzMwNjkyNTAwNQ==,4
NjAxNTcyMzc0NTQ1MTk2NTA4NQ==,4
NzEzMTk1ODEzNzA0Njk0NDc3,4
MjU1MTA4NTcwOTQxMDk0ODUyNQ==,4
Njg3OTU2MTMwOTY4MDU2NjQxMw==,4
MTEwNTU3NTUwOTkzNjgzMTA4OTM=,4
Mzg2MTE4MzAyMjM0NTQxNjQ0NQ==,4
NTQxMjU4ODIyMzQzNzc5NDEyNQ==,4
MTQwNjcwMDMxOTQyNzIzNTE5MDE=,4
NDA3NDUwNjI3MDY3ODgwNDI5,4
ODk0MTc0MTgyNDk2MTI2ODY4NQ==,4
MTQzOTY1NjM1OTMwNTU4MzAzNDk=,4
NDc1MTA4NTMzMzY1OTQ4MzU2NQ==,4
MTMyNDY5NzM2MTAyMTUwODk5OTc=,4
NDg0MDU3Nzg4MTg1NzY4NzcyNQ==,4
Mzg1NzY5NTQzOTUxNTYzMDQ3Nw==,4
NjM3NDYxMzU1MDc5NTkwMDM0OQ==,4
NTQxODI0NDY2MjgyNjE5NTQwNQ==,4
MTcxNDAyNDI5MjA0NzM0NDM1NDk=,4
OTcxODYwNzY3MjE1MDgxOTgyMQ==,4
MTE4OTE2MTY4MjU5NjM2NDk1MzM=,4
NzY5MDk5MzE5NTg3NDY5MzAwNQ==,4
MTc2MjUyMjA0NjA3ODc3MTAzMDE=,4
MTc4NjE5MTE0MzQ2ODMwODE5MzM=,4
MzQ5MTk0MzUxNDI0Mzg0MTI0NQ==,4
MTIxNzAxOTUwMDMxODMzNjcwNjk=,4
MTkzODY0NDg4NDM5NzU2MjgxMw==,4
MTYwODg5OTYzMDAxNDg0NDI2OQ==,4
MTEzMTMyNTM3OTA0NTk2MTUxNw==,4
NDkyMTY1MjIyNTU2NDk5NDkwOQ==,4
MTU4NDEyOTUyMDgxMTcxMjYxNTc=,4
MTAxODUwNzM5MDI2MTk1Mjc0ODU=,4
MTczMjYxODMxODc1NDM5MTExMTc=,4
ODg1Mjk0NTE5NDk4MzYzODMzMw==,4
MTUzNDA2OTg5MDQzNjIwNDY0OTM=,4
MTczNjAxNTU2MjI5MzYxNTcwNjk=,4
NDQxMTA4OTgxMjcyNzkxMjM5Nw==,4
MTgyMTI1NjU1NTc2MzE3OTI0NQ==,4
NzczNjU3NDY4NTc1Nzc0NjU0MQ==,4
Mjc5MDcxODcwNDI0NjU0NTMwOQ==,4
MTM1ODgyMDIzMDExODgyNTM1NjU=,4
MTU2MTEwNDg5NTM5NzYxODcyMTM=,4
MzA1ODEzMjkyMDY4Nzg5OTUwMQ==,4
MTM2OTY1NjI3NDQ1NTk1ODUyMTM=,4
MTQwNzIwMDIwMDE2MzE2OTI0NQ==,4
MTU1OTEyODUxNjU1OTA5NDU3MjU=,4
NjQ5NTA2MTE4MTA2NTk3OTE3,4
MTU0MDcxMzg0MDc1NTIxNTgwMTM=,4
MzI4OTg0NDIwNjAwMjcwNzM1Nw==,4
NDQ0MTM5Njc0ODk5NDA1OTIxMw==,4
MTEyMDA5NjgwMTIzOTUwOTAxODk=,4
MzI1ODQyMzMyMzQ1MDY0MzQ5,4
MjgxMTY3MjIzNDg5Mjc0MTc1Nw==,4
MTQwNTUwMjI4NDY5NDU4NzY0Mjk=,4
NDkzMDg0OTE2MTk5OTM2NTM1Nw==,4
NzkxMjI5MDU5MzIxMDk4NzAzNw==,4
MTAxODYwMjIwOTQ1ODYwMjU3Mw==,4
MTYyNDAyNDYxMzA3OTUyNzEzNzM=,4
MTUxMDYzOTU4NjQyODI3NDAzNDk=,4
MTcxNDc2OTIyNTE5NDQ5NTM3ODk=,4
MTM3NzI0Njc1OTk4NTc0NTQ0MTM=,4
NDQxODgxMjU3MzU4ODE1MTEzMw==,4
MTI5MTA3OTQyMjA1NTU3NTE4NTM=,4
MTc3NDkyODA1NTU1NzYxMjk4ODU=,4
NDUwMzAzOTQyODMyODIwMDcwMQ==,4
OTg0NjgxODc3MTI3NTI2Mzc0MQ==,4
NjIzOTAwNjE3NzY0NTI1MTM0MQ==,4
MzMwMTU0MDY3MjAyMzM0MzY3Nw==,4
MTgyMTQ0OTcyNjAyMzczMjM4MQ==,4
NDI2Mzc1NTUyNzYyNTQyNzcyNQ==,4
MTE3NTgzNDU5MTY5ODg3MDg0Mjk=,4
MTI2Mjk0MTgyNjgxMDgzNjM5MDE=,4
MTY5MjQ2ODk5MTkxNzE1NTA5MjU=,4
MTUwMjM5NzM5MjY0OTk3NjI3OTc=,4
MzQ2MjI1MDM3NzQ5MTQyNTgyMQ==,4
NTUwNDU0NzU5NzExNzU5ODM2NQ==,4
MTUzNzIzNjUxMTQxNjM5NTE5NjU=,4
NDIzNjE4MTk3NTIyMTU2ODc4MQ==,4
MjM4NjQzMTA5NjA3ODEwODQ2MQ==,4
ODc4Nzc1MzIyODI4MjY1NzQwNQ==,4
MTkyMDIzMjQ2MTI1MTM0NDgyOQ==,4
MTc3Mjc0ODk0NzAwOTEwMTc3ODk=,4
NzQwNDc3MjU4OTc0NzUxMjM2NQ==,4
Mjc3MjQ3NDY0MzQ3OTg5ODc0OQ==,4
MTEwMTQ1MDQ5MjczODIxNDIzNjU=,4
MTY0NzE1MjY5NjAzNDYzMDM5OTc=,4
MTE3NDMxNjQ4MjM2ODQ3OTQzNDk=,4
MTE5NzI0OTgyNTkxMzYxNTM4OQ==,4
MTcyNTA0NTYzMjAxODQxNzc1MDE=,4
MTI3MDg1NzE3NjMzMDE1MjI1NDE=,4
MTU0NzI2NzExNTM3NDM1NTI4MTM=,4
Nzg4MDE4NzMyODM1NjM5NTM1Nw==,4
MTI5NTY2MzgyODU5ODM3NzAwMTM=,4
OTM5MTc0NjU3MjY4OTU5MzQwNQ==,4
MTQ2Mzc0MTg5ODAxNzcyOTI3Nw==,4
MTIxNTk2NjYyODcwMTY0NzQxMjU=,4
MTA4Nzg3NzUzNzM5MzExNzE5ODE=,4
MzYyMjMwMzM5ODk0ODM5MjUwOQ==,4
Mzc4MzcyOTA5MjU1ODcxNzgzNw==,4
MzQwNzQyNDI2MTQ3NTI3NjEwOQ==,4
MTYxNzcwODAwMTQ0MDc3OTU4NTM=,4
NDQzMDE0NzU3OTU1NjEzNzAyMQ==,4
MTEyOTE4MDM0MDkxNzg3NTk0NTM=,4
MTk1NjU2NjM3MjcyODU3NDI2OQ==,4
ODY5MTk2MDEzMDk2NTgzNjY1Mw==,4
OTE4ODA2OTYwNzIyNDEzNTgx,4
NjY4ODA1MTE5MTMwODEyMzYxMw==,4
NDc4OTA5MjAxMTk3NDIwMTU0OQ==,4
MzE5OTc4NDY1MDg4MDQ2OTc0MQ==,4
MTIxNjM0ODI2MjI1NzkyNzY0MTM=,4
MTcyMzAzMTY3NjkzODY1NjI3NjU=,4
MTE4MDk5MTk2Nzk1ODExOTA0Mjk=,4
MTIwNTM5NDkwNjY5MTEzNDM1NjU=,4
MzcwNjQ0NTM4Mzc3MTkxNjU4OQ==,4
MTE4MzM2MDc5NjcwNTk0Mzc2Mjk=,4
MTI0NjcxODg0MTc4MDIzODI1NDE=,4
MTQ1MDMwODk2MzkyMDY2MTc4Mzc=,4
MzM3ODg1MjEyODczOTE4OTI1,4
MTIzOTA5MTk1MDU3NzY0OTAzNw==,4
MTI1OTY4MzE5MTUwMTUzMTg4NQ==,4
MTQxOTE0NjE1ODcwMTY3NDY0NjE=,4
NjA5ODY0NTY4MjEwNTQ4NzAyMQ==,4
MTMxODcwNjI4MDA3MjE2MTQ5MDk=,4
MTQ1MjMyNDg0Mjk1MjQ0MTQwNQ==,4
ODAzNTI2ODE1NDQ2NDAxOTY2MQ==,4
MTA5OTQ5MTIxMTE0Nzk0NDU4Mzc=,4
MTE5ODYwNDk2OTA3Nzk0NzY1ODk=,4
MTU3ODYyMjE0OTc5MTgxNzQ2Njk=,4
MjkxNDUwNTI5Njg0NDU2MjkwOQ==,4
MTE5OTcyMjg5MDY0NTczMTA0Mjk=,4
MTgwMDc2NjMzODQwMDkyNzQxNTc=,4
NDQ3OTE1NDMyNDM2MzY5ODY1Mw==,4
MTgwMTU3MzAyOTM3OTM0NjkzNzM=,4
MjM4NTA5MzMzNDg4MTk4MDk4OQ==,4
MjE4NDkzMjk0Njc5MDUyODk0MQ==,4
MTUzOTI4MjI2MTg1NzUzMTE0OQ==,4
MTQ2NjQzMDk5MjkyOTYxMDA4NDU=,4
MTU3Mjk1Nzg0MzkxOTQ0NDQ0Nzc=,4
MzMxODczMDUwNzY1OTcyMzQ2OQ==,4
MTUxNjg0ODg1ODc1MjMwOTExNw==,4
MzI4MzAyNzE2NDgwODQzNjQyOQ==,4
NDcwMTg1MDE2NTI0NjMwMzk0OQ==,4
NjU3NDg1NTk5MDE4ODUzOTUwMQ==,4
MTgxMjA1NDk0ODQyMDg4MTcyMTM=,4
NDkzODQ2NTIwNTA0NDA1NTIxMw==,4
MTQyNDMwOTYwOTU5NjUzOTAxMjU=,4
ODk0OTI0NjgxNjQwODEwOTE5Nw==,4
MTA5NTMzNjU3NjE2MzYxMDY0NjE=,4
MTY4NzkxNjg5NzA0MjQ5MTkzNTc=,4
MTQ1ODcwMjQ5MTY5NzI5MTUxMDE=,4
MTExOTQzNjczMDEzNDYxNzY1NzM=,4
MTExNzY1MzUyMTY1Njg4NjUxNjU=,4
MTEwMTI2ODIxNDU0MDM3NDc4NTM=,4
NTI1NTc2MDYyMTA0MDc1NDQ3Nw==,4
NzczMTg1MTg3MDM0MDc3MjE3Mw==,4
MTEwNjYxNjcxOTg0ODUxNDI4Mjk=,4
MTkxNTQxNzgzOTc1NjU2MTk0OQ==,4
MTUwNTM2MTU3MzE0OTI5Njc0ODU=,4
NDY1NzQ4ODM3MjczNzg4NTMwOQ==,4
MTA4MDg1ODQwNjA0MTMwNDIzNDk=,4
ODY3NzQ3NzI5NDI5NTc2ODY2OQ==,4
MTczNTgzNDU4OTg2MzI1ODc4Njk=,4
OTYyMTgyNjg3NDQ0NzE4OTEzMw==,4
NDMyMDMwMTY5NTAzNzY3ODg0NQ==,4
NTk4NzA2MDk5MDU1NTM5ODg0NQ==,4
NDgwNDg5ODQ1NjAwOTE2ODIzNw==,4
MTM0NzQ2NjQ5NDMxNjI0MjUzNzM=,4
MTU0MTY2ODQ3NjI0MzE1MDkyNQ==,4
MTcxNDQ1MjEwNTQ3Nzc0MTMzODk=,4
MTUxMzIxMzg0NTI3ODgwMTgyMzc=,4
MTEyMjcxNTI3NDY3NTAzNjI3OTc=,4
MjE0ODAwMDgzMTcyMzY2Nzc0MQ==,4
MTE4NTk2MjYyNjAzNTY5Nzc1OTc=,4
MTczMDY5MzYzNzM0MjQ0ODE3MDk=,4
ODQwNTUwODAxMDA4MDgwMDg5Mw==,4
MTI0OTYwMzg1NzQzNDQ3MDU2OTM=,4
MjM4NDYxNzI0NDQ5NzQ4MTUzMw==,4
NjY3OTgyNTc0NDM5ODc1NTU0OQ==,4
MTQyMjc1MzA3MjU4MjcxNjg5NzM=,4
MTE5MDY1MjI1NjQxMjk5MTA1MDk=,4
MzM0NjAwNDk5NDE3MjQ5ODEyNQ==,4
MjM2MjQzNzU1Mzc3Mjk2NDE0MQ==,4
OTQ0MzUzNTQyNzMwMjI1NjY4NQ==,4
MzY0NDQxODk3NzE4MjE0NjYyMQ==,4
Mjg2NjcxOTI4MzI1MjU1NjY2OQ==,4
MTA5NjY2MjgzNDM4MzQ1OTk5NjU=,4
NTY5NDU2NDc4MjAwMDkxODUyNQ==,4
Njc3ODYwNDI5MjQ1ODA1ODM0OQ==,4
ODg1Njg4ODQ1NTEzNzM5NjcwMQ==,4
MTEwNjk3NTI3MDg4MzQ4Mzc1NDk=,4
MTgzNDA3OTU4ODg5MTcwNjQzMDE=,4
NzY5NjUwNzY1OTczMjA0ODgxMw==,4
ODEwNzQwODgyNzA4MjI1OTIyOQ==,4
NzY2MDQzMTAzMTk1MTg0MjM0OQ==,4
NTE3NDA5Njg2NjMzNzk3NTY2MQ==,4
OTQ4Njk4NjA2NzI1OTU0NzAyMQ==,4
MzQyODQzNTI5MjE0OTQ4ODkz,4
NjI3MjM0Nzc2NzM1MDg5NjM5Nw==,4
NzE2MDg5NDcyNzMxMjQ4ODE0MQ==,4
MTcxNDcyNDg4MDU3NDYyNTI5NzM=,4
MTY2Nzg1MzA1NzA0NDI5NTk1OTc=,4
MTE2ODg5NDI1MjA0MjA1OTAx,4
MTEzMTU2NjU1NjE2MzIyMjI2MjE=,4
Mjg1ODEzNTM5ODA3MjMxMzQ2OQ==,4
MTM1MTUwMjMyNzY1NDQxMTY3NDk=,4
MTQ1MTg3MTkxMTQ3MzQ4ODA3Nw==,4
ODM1MDQzODI4MDcwODY0MjA3Nw==,4
MTI4NTYzNjMxNjkxMzM3MDExMDE=,4
MTQ1OTk4OTk3ODQ2NTQ5OTg3ODE=,4
MTI5ODY2OTIyNzExMjkwODQ2MjE=,4
MzIyODU3NzI4OTA2NjI1NjA0NQ==,4
MTQ3Mzk2ODE2NjAxMjc3Mzk0MjE=,4
MTQ5MDMzMDA1MzM2MzQ2NzIyODU=,4
MzE0MDgyNjAyMTE5OTQzODE3Mw==,4
MTAyNDc2NDU1MjY4NzE2MDEyMjk=,4
NDQzNDM4MjI3NjQyMjI0MjAyOQ==,4
MTQyOTgwNjA0NzgyMjA1NTM0MDU=,4
NDY0NTQ1NzEwNzQ1NzM3NDA0NQ==,4
MTIyMzkzMTgxNDUxMjc4NTY2MQ==,4
NzYyODM2ODUxOTU1MDI0MzY0NQ==,4
MTY3MTA4OTc3MTc0MTc1MDg3ODE=,4
MTAwNDM5OTIwNTg4MzQ5NDU5MzM=,4
MTQwODMwOTIyMDg5NTg5Nzk2NDU=,4
MTgyMzcwNzY4MjY2MDU5MzIzNDk=,4
MTczOTE4NzYyNTg3MzAzMzAxODk=,4
MTE0NTQzNzU0ODA0NjE5NTczMjU=,4
Njc0NDA5NTg0MzU3NTYxNjA0NQ==,4
MTI3Mzg5NTU0NTQ2NjU2NzEwMQ==,4
NTQxMzI1Nzk2NDI4NDcwOTkzMw==,4
MTA2NTAwNDI1OTIzOTUwMzUyMTM=,4
MTM4NDU2NTMzNTk1OTM0NzUxMDE=,4
OTc3OTc1NzY5ODMwMjczMjQ5Mw==,4
MTM4ODI4NjI5NjUxNTc5NjQxMDk=,4
MzcxNDg1Mzk1MjQyNjIzMzU3,4
MTQ3OTY0NjcwMzY0OTM2MzI1NDE=,4
MTAyNjk4MTI5MTY4NDAwNjgzOTc=,4
ODIyODk3MzIzODMzMTY0ODM5Nw==,4
MTE4NDA0MzYwMDQ0NzMyMDI4OTM=,4
MTQwOTg5NTc4Nzk3NjYwMzQ1Mw==,4
MTA0NDQ4OTU1NzgzNDk3NjA3NDk=,4
NTE1Nzg1NjQ2MjQ3NTM1OTcwOQ==,4
MTcwMjQ3MTczMDM5MDA3NTM5MDE=,4
MjA5NDg5MTk0NTI3Mzg0MTYyOQ==,4
MTEyNjcyMzQ3NTUxNTk1MDIxNTc=,4
NDA0NDIzNTg5OTgyNzgxOTk5Nw==,4
NDAxNjM3NzIzMjA2NTYwMDcxNw==,4
NDM3MTIwMTI2ODU2MTQyNjM3,4
NjcwODc0MDg0MjA1NzM0NDcwMQ==,4
MTE1MTMwNzUzODUxMTAxMjk5MzM=,4
NTkxNjIzNDc4MTE2Mzk1NTY5Mw==,4
MTQ5MDE3MTEzMjgwMDc5ODIzMzM=,4
MTQwMTUwNjc0MTY4MTE4ODQ0Mjk=,4
MjMzOTc2ODAyODU2NTMxNDM5Nw==,4
NjU3MjQxNjEwMjQ4ODkxMTk2NQ==,4
MzUyNzc3NDA1NjQ4Mzc4NDM5Nw==,4
MTY5Njk1MTQ0MDAwOTEyODUwMzc=,4
MTI2MDk0NTQ3NzcyNTE5NjM3MjU=,4
NDM3ODUxNDkyMjU0ODI3NzQ2OQ==,4
NjgyODI4NDQ4ODQxMTMwNzE0OQ==,4
ODU3Nzc4NzQ2MTE5NTczMjY2OQ==,4
MTQxMDU0NzkwODk4NTc3ODIyNjk=,4
NjEwMTI4MzIwNTMyMDI2NTUzMw==,4
MzA4NDk5NTkxMjQ5MzE5NDc5Nw==,4
OTQ2MDk5MzEzMTMxNDgwODI4NQ==,4
OTQxMDkwODMxMjczMTk1NDEwOQ==,4
MTMzMzMyNDk3MjgzNjkxNjYwNQ==,4
NDg2NzQ5MTI0NjEyNTQ4NTgyMQ==,4
MzQ3NjIzOTUzNDQ5OTM1MDU3Mw==,4
MTY2NzIxNDg1MjYwNzU2NjI2NTM=,4
NDc5ODAyNDQ0NzEyOTYyNTgwNQ==,4
ODgzNTMzODIzNTA0MDk4MTU4MQ==,4
MTk2NjczNDQ1MTAyODEwMTc3Mw==,4
NTY4MDE5OTE4MjYyODM2MDk3Mw==,4
OTE5ODcwNDA4MDU3NDU5MzM3Mw==,4
OTc0NjU2NTAyNTY2ODcxMDg0NQ==,4
MTg2NTk1MjU5Nzg4NTYwMDYzNw==,4
MzcwOTY5NzA1MTgxNzkwMDIzNw==,4
ODEzOTA5NDI3MDIyODUwMzgx,4
MTM4NjE3NDY5MTIxMzI2ODc2NDU=,4
MTA1NTQ5MTc1ODkyMjUwMjE1MzM=,4
MTMwMzU1MDg0NTM1NjQ0NDkxODE=,4
Njc3OTU4MTc1Njg4MjY5MjQ2MQ==,4
NDAwODg0OTYzMzQwNTkzNjg5Mw==,4
Mjk5MTQzNjQwODYyNTY5MzA2OQ==,4
MTgzODgxMTYzMjcwMzI4MDg5ODk=,4
MTA3NzUyMjc4Mjc4NjMwNjIx,4
MTM0Mzk3OTU4NTY0NDE5NzczMDk=,4
OTAzNTY3MjU1MjI0MzQ5NTc1Nw==,4
MTY2NzU0NTQ5NjAyNTk3ODg0NjE=,4
ODg0NzMxMjM5NzgwODUzNjYzNw==,4
MTc1NzY4NDkyMjkyNzY2NzE2NQ==,4
MTU4MjQ4NDEzNjEwMDQyNjMxOTc=,4
MTc0MzE5MjEzNjgxNjM4MTA1MjU=,4
MTc5NjI2MTA2MTY0MjEzNDgwNzc=,4
OTAyNTg0NzcyOTg4NjE0MzA4NQ==,4
MTM4MjQ0MDI4MjQ1NjgxMTkyNjE=,4
MTc0Mzk2OTgyNzkzNDgxNjg5NDE=,4
MTc4ODkyNTA3MjUyNDcwMzEzMw==,4
MTcyMjA0ODUyNzkxNTgzNTIwOTM=,4
NDkyMjE5MzUyOTc3MjQ2MzAyMQ==,4
ODI2ODMyMzUyMjMzNzM1MzAwNQ==,4
MjgzODkyNDE4MTU0Nzk0MDM0OQ==,4
MTY3MjM1MTI2OTI0NTcwNDgwNDU=,4
NDg4MjgzMzk2NzkxNDQyNzk5Nw==,4
NzU3MTI4MzA0MjE2ODg5MjYyMQ==,4
MTU3NDg2MDE5ODAyODU5MjQzNjU=,4
MTY5ODg2NDkxMzE3ODc5MjI5NzM=,4
MTY3NDM4Njg3MDcxNzkyNjU5NDk=,4
MTY0NDI5MDE4NjEyNjg2Njg2Mzc=,4
MTQ0MzEyOTEzMjMzMzcyNjc4Mzc=,4
NDk2ODM4ODM0NDU2MjQ2Mjg3Nw==,4
NjE1ODM4OTcwOTU3OTQ0ODI2OQ==,4
MTc4ODU3MzI2OTg4MDkxMzY2MDU=,4
NTMzMjk5NzYwMDM2OTM5NTk4MQ==,4
MTU4NDk3NDE1MTkwMTg4NzUwNTM=,4
MTM1MjE5MDYwMTI2Mzc5NjIwNQ==,4
MTc5MzkwNzg1NDQ2MTQ2MTg2OQ==,4
Njg4NTIxMTk3NjE3ODM4MTUxNw==,4
MjY4NjcyOTkxNjI3MDY0NjEwOQ==,4
ODk4NTE1NjMxNDQ0MTQ3MTUwMQ==,4
MTIxNDg5ODk0MDk4NjgxNTU2NDU=,4
MTIxMzE1NDYzNDUwODc2NjcxNjU=,4
MTU5MzM1NjU0MDMwMjYwNjU5OTc=,4
MTM2Mzk1MDk3MDcyNzA0NTk1OTc=,4
NTk1ODQyODU0MDM4MDg0Mzc1Nw==,4
MTA4OTEzMjg5NzgwMDcwNTYyNTM=,4
MTAxNDI1NzUxNjY2MDU0MTA4NDU=,4
NTMxOTMyMjM1ODAwNzc3MzQzNw==,4
OTQ3NjkwNzA0ODEyOTUyMzUxNw==,4
MzI0MjgwNDA4NjUxODk0ODYx,4
MTkxMDE0OTMyMDA5Nzc1MTE0OQ==,4
NTIxNjc1MTgxMzc0MTM3ODA1,4
MTExNzk2NzY3OTQzNDE3NjE0ODU=,4
OTQyMzMzOTUzMTA5NDk3MzIxMw==,4
MTE1MzU3MDM1MjkwNTQ4OTExNw==,4
ODcwMDk0MzQ4Mzk2MjA1MjQ3Nw==,4
MTI4NDQxMDM4MjM1NDE0OTQ4MTM=,4
MTQ0Njk2NzU2MTkyNzg3NzA3NjU=,4
ODY1MzcwNDk1OTIxMzkxMDk4OQ==,4
MTQxMjk0MTI1MDY5MzQ5OTQxMjU=,4
NTI1ODQ3MTQ2NTEwODM3OTgyMQ==,4
NDIzNzk4NzY0OTE0MTMyNzk0OQ==,4
ODI2MzkyNzYwNjYzNDgzOTU4MQ==,4
NTIxNzYwMDI4MzU3NjExODk4OQ==,4
MjI3ODQxNjk5NTU4Mzc4ODUyNQ==,4
NzkwNDg3MzgzNzcwODIwOTgyMQ==,4
ODk2MDk1Njk1ODEwNDkyMzI5Mw==,4
MzgzMjYyOTUxMTc0ODQ2MDQ1,4
MjgxMTA4NjA1NjI1NjgzNTQ4NQ==,4
MTM3NjM5NjM0NzUxOTUyMzA1Mw==,4
MjM4Nzk2MDc5MDM0NDk4MzkxNw==,4
NzQyNDkxMTk4NzM2OTIyMzE3,4
MTQ5NTEwNzExMzkwMjIwOTQwNQ==,4
MTQyNzAzMDQ5NTQ5MDg1NzQwMTM=,4
MTAxMDA5MTcyODA4NjI0MTgyMzc=,4
MTEzNDg3ODAzNzg3MzE1NjA1NDE=,4
MjgyMjIwNTc2MjY0NDYzODk1Nw==,4
NjU0NzQ1OTgxNzkyMzY0OTI1,4
MTU2MTcwMTU5MzY3MDQ2OTA2MjE=,4
NjIzNTU2NzExMjE5MzcxNjE1Nw==,4
MTEzNTc5NDgxNzQ3Mjk3OTE4NTM=,4
MTAyOTUwMDgzNjMwMTYzODkwMDU=,4
MTMzNjM4MDY1NDczNjY4NjA3MzM=,4
ODUyNDY3NDc5OTE0MDkyMDk3Mw==,4
MTE2OTgxODg0NzM0OTQwMDYwNjE=,4
OTE1OTc0MzQxNTEwOTkzMTAx,4
NzI1OTAxOTYwODY0NjEyNDQ0NQ==,4
MTgwNTQ0NTQxOTk1MjA3NTc1NDk=,4
MjUxODE5NTk1MTkzMDA4MTY5Mw==,4
MTE5ODM4NTg5MTAyNDQ0MTI5MDk=,4
MTI2MzA4MzI1ODIzNzAyNzMzNTc=,4
MTI3MDI4NzA5MzU5NTcxOTE4ODU=,4
MTQ1MDAyNzE1MjMzNzIwMDI1MjU=,4
MTM5ODc5NTM0NjM2ODY2ODk2Nzc=,4
MTM0NDkzODIwMTcwOTI0MzMyNjE=,4
ODU3NTUxMDkyMjIwMDA1ODQyOQ==,4
OTIwMzE1Mzk0MTI0NzI3MzAyMQ==,4
NDk5MDMwNzQ1Mjc1MTcyNDUyNQ==,4
MjY4NDEwMDU3MzkxNTAzMTQ4NQ==,4
MTM2MjI4MDgwNTUzMjM0OTc1MzM=,4
MTY0MjkyMzE0MjYzMTQ0NTc1MTc=,4
NDIwNzQwMDk1MjM5OTQ3MDIzNw==,4
NDQ2Nzg5MjMwMTQyODU0MjQ5Mw==,4
MTc4Njc5MDI0NjU5MDM0Nzg2MjE=,4
MTcwNjY2MTA3NTkxNDEyMzYyMzc=,4
ODE2MTM0NTcxNjY3NTE0MzI3Nw==,4
MTgzMTYwMzkyMTA3NDMzOTg1Mw==,4
MTA4MTE4ODU4MjUxNzM3NTE0NTM=,4
OTA5NDMzMDc0MjAzMTg4MzM1Nw==,4
OTU1NjAxMjU4MjA1NzkzNjg0NQ==,4
MzMzNjYzNjM3ODc3MzcyNDkz,4
NTExMjk2NTUzNTAxOTk0NDcxNw==,4
NjAyMjk2ODA4NzE0NDcxOTI0NQ==,4
OTUyOTc1NDE4MTM0NzU2NDQ2MQ==,4
Mzk1MzA4Nzk2ODgyNzE4NjMxNw==,4
MjQyMDAzNjQ5ODQ2NjEyNjM2NQ==,4
NDA3MDgwOTMxMDA3ODY4MjM2NQ==,4
NTc5OTA4Njc2Mzk2NDY2ODAxMw==,4
MTgxNDI4ODU5OTY5NDYyODc3MjU=,4
ODc2Njk5MDU5Njc5MDc5MzQ2OQ==,4
MTI5OTE2NzM4ODAwNTgxNjA3ODE=,4
MzA5OTUwMjY1NjQ0MTA1NDM3,4
MTgxOTIxNTg4MjMzODAyNDYwMjk=,4
NjQ3ODUwMjg5OTI3MjQ3MTA1Mw==,4
NTcyNzk4NTYwNzc0NjA3NDc2NQ==,4
MTczMzY2NjY0ODE3NjMxMjU1ODE=,4
MjMwMDMyNjM0NTgzNDA2ODgyOQ==,4
MTQyMDM0NDgzMjg1NTkzMzQ1MjU=,4
MTc1MTAxNzk0NTAyMjUyMjIxODk=,4
MTE0MTUzMjMyMzE2NTQ0MzkyOTM=,4
MTgwMTYxMjAwMDEzMDY5MzY2ODU=,4
MTU4NDc3NzIyMjc5MzkyMjcyOTM=,4
MjcyMzg1ODcwNTM5NTg1ODE4OQ==,4
OTYzNjkwNDI2ODQwNTc5NjYzNw==,4
NzY4NTU4NTI0ODc5NTA5MTcyNQ==,4
MTE5NzM4NDkyODIxMzY0OTM0MQ==,4
MTU2MzU5MDMzNTYyNTI5OTkzMw==,4
MTY3ODY2Mjc1NDU1NzQ5ODUxNjU=,4
Njc0MTAzNDA0NDkzNjYyNDQ0NQ==,4
MTA1ODkwMDcyNTg2MzQ4MTc0MDU=,4
NDQxMjU1MDEwMDYxNTY2NTA2OQ==,4
NzQ0NzUxMDA1NDc1NDQ1OTA1Mw==,4
NDMzNjMxMDU4MTg3OTczNTU0OQ==,4
MTU0NjcwMjUyOTg4OTc5NTE2Mjk=,4
MTY2MTkzNTU2ODA5MjY1NzI3MTc=,4
MTQwMDMzMDUwNDg0NDI3NjMzMjU=,4
ODM4NjQ5NTMyMjk3Mzg4OTgwNQ==,4
MjM2OTUzMjAxNjA1ODc0NDI2OQ==,4
MzIyMTA5NTcyODE2MjI2MTc1Nw==,4
OTMxNTk0OTEzMDQ2MDMyMTMwOQ==,4
MTcxMzgwNzk5MDYyNjgxOTI0MTM=,4
MTQ2MDc4Mzk4MzgyMTIxMDgyMDU=,4
NjU3NDM2NDg1MjE2MDY3MTYxMw==,4
NTEwNTk3Mjc3NDY5NzI0NDM5Nw==,4
MTQ4Mzg1OTk5Nzk5MDIwOTM4Mzc=,4
MTI4OTI2NjMxMzQwMTUwODcwNTM=,4
MTc0NDQ0Njc4MjY0MjExMTY2ODU=,4
NDUyMDY5MTE5MzEyOTQ1NDE4OQ==,4
NzA5NTM2MjUyODQ5Nzg2MjQ5Mw==,4
MTU3OTY5NTIyNTA2MDExMTI2MDU=,4
MTQ2OTYwMzgxMjY3OTY0NTYzOTc=,4
ODI2NDQwNTc1NjM4NTg3NDM2NQ==,4
ODE3NTA3NDM1MzIyNDM4NzUzMw==,4
MTczMzEyNTE1OTQyMjA5MDkzMDk=,4
Mjc0OTQ1MzQxMTg2NTc2NjQ3Nw==,4
MzgzNzE1NDcyMTM0ODU1NDA1,4
MTU4NjEwMDM2MTUxNzEzNjI4NQ==,4
NzMzMzYzNzE0MzcwNDM2NjMwMQ==,4
MTIxOTk5Nzk3NDA1OTQ3MzI5NzM=,4
MTE0MzczODQ1MjI4Mzg0MjY5NzM=,4
MTI3MTkxMTkxMDU3NDMzMjA2MjE=,4
MTA1Njg2OTYxMzQyMDE5OTUwMQ==,4
MjI2ODQ3NzQ4MTkwMjMzMDU1Nw==,4
OTA2OTE4MDE3MDI4MTc1ODc5Nw==,4
MTM4NDA3NzYwNjcwNzk5NDgyODU=,4
MTI0NDQyMDQ3Nzc4NzEwMzk4MjE=,4
Mjc0NDYxNDk0Mjg3NzEyODUwOQ==,4
MTY2NDA4MDM3ODUxODU0NTYyODU=,4
NjM2OTY4NzMzNjEyMjUwOTg5,4
MTA2MDAzODczNDMxMTg0MTE5OTc=,4
NzU0MTE3NTUyOTE0ODk3NzkwMQ==,4
MTAxNTIyOTc1OTgzMzU3NjUxNDk=,4
ODcwNTM0NzIzNDEzNjM3Mzk5Nw==,4
NDMyMTMzNDIwMzU2NTEzNDQ3Nw==,4
MTk1ODYxNDY5NDU0MDA0OTc3Mw==,4
MTM5NDEwNTgzOTkxODYwNzM5MTc=,4
MjYzMTc4MjA5NzgzNjg4NDg5Mw==,4
MjEzNzUzOTQ1NzI2OTc5MzIyOQ==,4
NjEwMzk4MDAzMzQ5MjMyNzE2NQ==,4
MTQ2NDU5NDI4NjM4MTg5MzY4Nzc=,4
MTM0OTY0NTQ3MjQxNTkwODY2MDU=,4
MTMwMzE0MzM3MzQwNTYyNTA1NDE=,4
MTc3OTc5NjM5MDgwMjE1NDYzOTc=,4
ODUyMzQwNDU4NDg2MjY0NTMyNQ==,4
MTg0MjU5ODcwMTI0MjkzMDA2MjE=,4
MTA5MTg5MTI0Mjc0NDU0NDY3ODE=,4
MTgzODA5ODc2NDU1MDkxOTM4ODU=,4
NzA4MTU3NDkyMzYwMzM2NzA2OQ==,4
MjM5NzA0NzA4Nzc5MTUxNDcxNw==,4
MzI3ODYwNTEzMzU4NDU2NTExNw==,4
